OrderID,Order Date,Product,Category,Region,Price,Quantity,CustomerAge,PaymentMethod,Rating
ORD1600,2025-03-18,USB-C Hub,Accessories,West ,19.61,-5.0,37.0,Credit Card,5.0
ORD1736,2025-05-03,Bluetooth Speaker,Audio,south,41.89,5.0,,,3.6
ORD1314,2025-05-14,Wireless Mouse,Accessories,East,15.41,5.0,22.0,Debit Card,3.4
ORD1815,2025-06-12,Bluetooth Speaker,Audio,south,35.62,5.0,39.0,,4.0
ORD1978,06/03/2025,Noise Cancelling Headphones,Audio, North,97.17,6.0,42.0,UPI,4.1
ORD1009,09/08/2025,Power Bank,Electronics,EAST,28.27,4.0,44.0,credit card,
ORD1134,2025-01-10,Power Bank,Electronics,East,27.67,7.0,48.0,credit card,3.3
ORD1777,26/01/2025,Laptop Stand,Office,EAST,28.59,4.0,20.0,Debit Card,
ORD1409,23/01/2025,Laptop Stand,Office,South,21.9,4.0,38.0,credit card,
ORD1412,2025-04-13,Laptop Stand,Office,West,26.58,3.0,40.0,credit card,
,,,,,,,,,
ORD1459,2025-02-16,Desk Lamp,Office,East,15.29,3.0,16.0,credit card,3.7
ORD1509,09/01/2025,Mechanical Keyboard,Accessories,West,74.9,2.0,38.0,UPI,3.8
ORD1054,2025-06-05,MECHANICAL KEYBOARD,Accessories,East,66.94,3.0,40.0,UPI,4.2
ORD1801,2025-05-17,Desk Lamp,Office, North,19.66,2.0,38.0,COD,3.4
ORD1713,10/08/2025,Phone Case,Accessories, North,9.88,3.0,,credit card,2.6
ORD1542,2025-04-08,Power Bank,Electronics,North,37.79,-5.0,41.0,Credit Card,5.0
ORD1767,2025-01-18,Noise Cancelling Headphones,Audio,West,79.35,5.0,26.0,Debit Card,3.2
ORD1146,2025-02-14,Webcam HD,Electronics,West ,31.38,4.0,38.0,COD,4.8
ORD1836,26/06/2025,Webcam HD,Electronics,West,38.29,3.0,31.0,Credit Card,4.0
ORD1487,2025-04-23,USB-C Hub,Accessories,south,14.45,4.0,35.0,,3.2
ORD1873,31/01/2025,USB-C Hub,Accessories,West,20.57,2.0,,UPI,
ORD1948,14/03/2025,Noise Cancelling Headphones,Audio,North,64.28,2.0,36.0,Cash,3.4
ORD1718,2025-01-26,Wireless Mouse,Accessories,south,16.3,4.0,32.0,UPI,3.3
ORD1034,2025-07-29,Wireless Mouse,Accessories,West,15.39,3.0,37.0,Debit Card,
ORD1171,2025-03-28,Bluetooth Speaker,Audio,East,33.74,6.0,36.0,Debit Card,5.0
ORD1395,23/04/2025,Phone Case,Accessories, North,10.51,500.0,34.0,Debit Card,3.9
ORD1368,2025-06-30,Phone Case,Accessories,West,10.32,5.0,32.0,,5.0
ORD1361,2025-03-24,Desk Lamp,Office,West,18.11,8.0,33.0,UPI,3.0
ORD1328,2025-01-15,Laptop Stand,Office,EAST,,2.0,32.0,COD,2.4
ORD1170,2025-01-19,Power Bank,Electronics, North,27.74,1.0,36.0,,3.9
,,,,,,,,,
ORD1256,15/07/2025,Phone Case,Accessories,West ,11.11,1.0,31.0,Credit Card,4.3
ORD1999,2025-08-22,Webcam HD,Electronics,West,36.29,2.0,41.0,,4.0
ORD1179,2025-03-18,Mechanical Keyboard,Accessories,West ,56.86,1.0,42.0,UPI,5.0
ORD1918,20/07/2025,Desk Lamp,Office,south,21.15,4.0,26.0,COD,5.0
ORD1585,2025-05-19,WIRELESS MOUSE,Accessories,EAST,9.35,3.0,36.0,Cash,5.0
ORD1164,2025-03-04,Mechanical Keyboard,Accessories, North,57.78,1.0,27.0,Cash,
ORD1849,2025-03-04,Desk Lamp,Office,North,12.4,2.0,41.0,credit card,5.0
ORD1956,2025-06-15,Power Bank,Electronics,South,,2.0,16.0,Credit Card,5.0
ORD1325,2025-07-01,Noise Cancelling Headphones,Audio,EAST,82.82,4.0,28.0,,4.9
ORD1466,2025-08-14,Wireless Mouse,Accessories,South,17.74,2.0,28.0,,5.0
ORD1372,2025-02-26,Power Bank,Electronics,south,35.7,6.0,30.0,UPI,4.2
ORD1601,08/01/2025,Phone Case,Accessories,South,11.31,4.0,34.0,credit card,4.0
ORD1484,03/02/2025,Mechanical Keyboard,Accessories, North,64.2,4.0,49.0,credit card,3.2
ORD1013,2025-05-26,Mechanical Keyboard,Accessories,West ,69.38,4.0,26.0,,
ORD1748,06/02/2025,Bluetooth Speaker,Audio,south,38.95,1.0,36.0,Credit Card,3.9
ORD1316,2025-02-06,Phone Case,Accessories,EAST,8.39,6.0,36.0,Credit Card,5.0
ORD1455,07/03/2025,Phone Case,Accessories,South,10.72,4.0,29.0,Credit Card,3.8
ORD1140,27/08/2025,Bluetooth Speaker,Audio,south,50.37,3.0,44.0,,4.3
ORD1216,12/04/2025,Mechanical Keyboard,Accessories,West ,54.15,3.0,39.0,credit card,3.6
ORD1489,08/07/2025,USB-C Hub,Accessories,North,21.52,3.0,49.0,Debit Card,4.6
ORD1305,2025-05-22,USB-C Hub,Accessories, North,23.51,5.0,22.0,COD,3.9
ORD1658,16/01/2025,Noise Cancelling Headphones,Audio,West ,78.34,5.0,33.0,UPI,3.4
ORD1955,2025-03-13,Noise Cancelling Headphones,Audio,West,109.47,3.0,34.0,Credit Card,3.4
ORD1582,2025-04-26,Mechanical Keyboard,Accessories,South,43.37,1.0,35.0,Cash,2.4
ORD1899,2025-06-27,Power Bank,Electronics,EAST,29.08,6.0,36.0,,4.3
ORD1660,2025-05-09,Wireless Mouse,Accessories,West ,12.78,1.0,35.0,Debit Card,5.0
ORD1408,2025-03-28,Bluetooth Speaker,Audio,North,45.92,3.0,35.0,Debit Card,3.1
ORD1099,2025-01-10,Desk Lamp,Office,South,16.8,2.0,43.0,Debit Card,5.0
ORD1785,2025-03-23,Laptop Stand,Office,South,22.56,3.0,25.0,UPI,
ORD1153,2025-04-26,Noise Cancelling Headphones,Audio,South,103.33,2.0,45.0,credit card,5.0
ORD1046,23/04/2025,Power Bank,Electronics, North,35.23,3.0,34.0,UPI,3.9
ORD1004,2025-01-12,Webcam HD,Electronics,South,35.64,2.0,28.0,,3.6
ORD1172,2025-05-02,Wireless Mouse,Accessories,East,18.79,5.0,29.0,UPI,4.8
ORD1965,2025-08-21,Noise Cancelling Headphones,Audio,South,77.71,4.0,25.0,Debit Card,4.4
ORD1926,20/06/2025,Phone Case,Accessories,West,10.49,4.0,43.0,,3.4
ORD1222,2025-07-16,USB-C Hub,Accessories,south,21.31,4.0,45.0,Credit Card,2.9
ORD1997,15/03/2025,USB-C Hub,Accessories,EAST,18.03,2.0,32.0,,4.8
ORD1259,01/06/2025,Bluetooth Speaker,Audio,North,-42.87,2.0,40.0,Credit Card,3.7
ORD1558,2025-08-21,Laptop Stand,Office,East,26.84,3.0,,Credit Card,4.6
ORD1232,2025-08-06,Mechanical Keyboard,Accessories,West ,47.2,2.0,49.0,Debit Card,5.0
ORD1108,07/02/2025,Bluetooth Speaker,Audio,south,39.61,4.0,32.0,Cash,3.4
ORD1854,16/04/2025,Bluetooth Speaker,Audio,East,32.54,5.0,29.0,,4.3
ORD1980,2025-04-16,Phone Case,Accessories,North,9.84,4.0,30.0,,4.4
ORD1098,2025-05-24,Phone Case,Accessories,South,9.48,4.0,42.0,COD,5.0
ORD1600,2025-03-18,USB-C Hub,Accessories,West ,19.61,-5.0,37.0,Credit Card,5.0
ORD1765,2025-03-26,Laptop Stand,Office,EAST,24.41,4.0,40.0,Cash,2.6
ORD1833,2025-01-02,Laptop Stand,Office,South,24.18,8.0,37.0,Credit Card,5.0
ORD1220,2025-07-30,Noise Cancelling Headphones,Audio,East,92.01,3.0,30.0,credit card,3.8
ORD1357,24/07/2025,USB-C Hub,Accessories,South,-26.27,4.0,54.0,Credit Card,4.1
ORD1971,2025-04-07,USB-C Hub,Accessories,West ,21.41,3.0,41.0,credit card,2.4
ORD1024,08/06/2025,Noise Cancelling Headphones,Audio,south,75.66,4.0,38.0,UPI,3.4
ORD1992,2025-03-19,Laptop Stand,Office,West ,16.6,5.0,34.0,Cash,4.4
ORD1681,29/04/2025,Power Bank,Electronics,South,29.81,8.0,16.0,Debit Card,3.6
ORD1384,06/03/2025,Power Bank,Electronics,West ,33.12,5.0,30.0,UPI,4.2
ORD1094,21/08/2025,Noise Cancelling Headphones,Audio,East,80.87,4.0,16.0,Debit Card,3.9
ORD1770,25/04/2025,Phone Case,Accessories,West,9.71,500.0,32.0,credit card,2.8
ORD1451,2025-08-23,Phone Case,Accessories,East,11.49,3.0,36.0,Cash,4.8
ORD1025,2025-04-28,Desk Lamp,Office,South,17.13,7.0,30.0,Credit Card,3.9
ORD1113,05/08/2025,USB-C Hub,Accessories,south,17.82,2.0,34.0,Credit Card,4.0
ORD1125,2025-03-24,Noise Cancelling Headphones,Audio,East,85.48,4.0,38.0,Cash,
ORD1060,2025-06-29,Mechanical Keyboard,Accessories,West,71.44,6.0,41.0,Credit Card,4.2
ORD1433,2025-07-15,Wireless Mouse,Accessories,East,18.42,6.0,35.0,Credit Card,4.6
ORD1589,2025-03-23,Laptop Stand,Office,south,25.35,4.0,47.0,Debit Card,5.0
ORD1244,2025-05-05,Laptop Stand,Office,East,29.37,3.0,28.0,credit card,3.6
ORD1680,2025-02-18,Bluetooth Speaker,Audio,East,43.36,3.0,34.0,COD,4.2
ORD1075,2025-03-15,Laptop Stand,Office,North,22.03,2.0,32.0,Cash,3.2
ORD1898,2025-04-07,Laptop Stand,Office,West,28.66,2.0,47.0,Cash,3.2
ORD1426,2025-05-05,Power Bank,Electronics,North,35.8,1.0,43.0,Cash,4.7
ORD1715,2025-06-30,Mechanical Keyboard,Accessories,South,64.01,5.0,27.0,,4.3
ORD1417,15/03/2025,Wireless Mouse,Accessories,south,9.76,4.0,44.0,Credit Card,3.9
ORD1909,2025-02-01,Phone Case,Accessories,south,10.81,2.0,37.0,,5.0
ORD1389,2025-05-19,Wireless Mouse,Accessories,south,13.81,4.0,20.0,Cash,4.2
ORD1053,2025-01-06,Wireless Mouse,Accessories,West ,13.62,6.0,46.0,COD,3.0
ORD1843,2025-07-12,Bluetooth Speaker,Audio,EAST,50.7,2.0,37.0,Cash,4.5
ORD1350,2025-08-16,Laptop Stand,Office, North,28.68,4.0,,COD,5.0
ORD1205,2025-04-17,Phone Case,Accessories,West,8.93,2.0,26.0,UPI,4.1
ORD1471,31/03/2025,Bluetooth Speaker,Audio,North,40.49,4.0,27.0,,4.5
ORD1531,2025-04-27,Noise Cancelling Headphones,Audio,West ,102.66,3.0,35.0,Cash,3.4
ORD1643,2025-01-15,Phone Case,Accessories,South,12.43,3.0,19.0,UPI,4.0
ORD1403,2025-07-22,Desk Lamp,Office,South,16.33,5.0,37.0,Cash,4.7
ORD1906,2025-06-24,Desk Lamp,Office,South,18.37,5.0,41.0,Debit Card,4.5
ORD1492,2025-03-24,USB-C Hub,Accessories,East,21.67,4.0,20.0,COD,4.0
ORD1375,05/05/2025,Webcam HD,Electronics,West,28.97,5.0,42.0,UPI,4.6
ORD1912,2025-08-12,Desk Lamp,Office,West ,21.3,4.0,32.0,Cash,3.7
ORD1510,2025-01-10,Mechanical Keyboard,Accessories,West ,58.75,2.0,41.0,credit card,
ORD1097,2025-04-05,Wireless Mouse,Accessories,EAST,13.16,2.0,49.0,,4.5
ORD1285,2025-07-25,Power Bank,Electronics,North,37.7,3.0,41.0,,3.5
ORD1782,24/03/2025,Bluetooth Speaker,Audio,south,43.65,4.0,23.0,Credit Card,5.0
ORD1739,24/05/2025,Desk Lamp,Office,EAST,17.21,4.0,33.0,Credit Card,4.5
ORD1498,24/08/2025,Noise Cancelling Headphones,Audio,East,105.65,4.0,30.0,Debit Card,3.8
ORD1780,2025-01-04,USB-C Hub,Accessories,South,21.18,3.0,27.0,Debit Card,3.5
ORD1017,2025-08-28,Phone Case,Accessories,West,10.52,2.0,38.0,,4.0
ORD1196,2025-08-28,Wireless Mouse,Accessories,East,15.24,3.0,20.0,,5.0
ORD1026,2025-02-03,Bluetooth Speaker,Audio,West,35.28,7.0,45.0,UPI,4.4
ORD1728,2025-07-16,Noise Cancelling Headphones,Audio,South,,2.0,29.0,Cash,5.0
ORD1186,2025-05-20,Webcam HD,Electronics,East,29.35,4.0,40.0,,5.0
ORD1743,18/07/2025,WEBCAM HD,Electronics,south,32.11,6.0,41.0,UPI,3.5
ORD1344,2025-01-23,Phone Case,Accessories,West ,9.41,0.0,38.0,Debit Card,2.7
ORD1702,06/04/2025,Power Bank,Electronics,South,23.89,3.0,23.0,Credit Card,2.9
ORD1189,12/07/2025,USB-C Hub,Accessories,North,-20.05,3.0,25.0,UPI,5.0
ORD1742,04/03/2025,Phone Case,Accessories,East,12.02,5.0,,UPI,4.1
ORD1970,2025-06-18,Laptop Stand,Office,North,21.65,5.0,30.0,Debit Card,4.2
ORD1270,29/06/2025,Laptop Stand,Office,south,26.12,3.0,41.0,credit card,4.1
ORD1326,27/01/2025,Power Bank,Electronics,south,32.32,5.0,41.0,credit card,4.4
ORD1806,14/07/2025,Noise Cancelling Headphones,Audio,North,95.14,3.0,29.0,COD,4.3
ORD1812,2025-02-19,Bluetooth Speaker,Audio,North,47.63,2.0,34.0,Debit Card,2.8
ORD1778,02/07/2025,Laptop Stand,Office,West,26.95,5.0,38.0,Cash,5.0
ORD1795,04/05/2025,Phone Case,Accessories,West ,,6.0,36.0,Debit Card,4.5
ORD1351,2025-06-21,Noise Cancelling Headphones,Audio,South,71.76,3.0,35.0,Cash,4.3
ORD1385,2025-03-23,Mechanical Keyboard,Accessories, North,54.24,3.0,18.0,COD,5.0
ORD1752,2025-06-03,Power Bank,Electronics,North,27.45,2.0,42.0,,4.3
ORD1791,2025-08-01,Laptop Stand,Office,South,20.02,2.0,40.0,Cash,3.9
ORD1731,2025-06-18,Power Bank,Electronics,East,36.29,5.0,42.0,Credit Card,4.5
ORD1262,25/02/2025,Desk Lamp,Office,South,16.79,4.0,54.0,credit card,5.0
ORD1840,11/03/2025,Wireless Mouse,Accessories,EAST,14.7,5.0,39.0,Credit Card,3.8
ORD1074,2025-06-12,Mechanical Keyboard,Accessories,West ,55.38,4.0,23.0,UPI,3.6
ORD1168,03/03/2025,Bluetooth Speaker,Audio,North,43.66,4.0,47.0,UPI,3.2
ORD1649,2025-07-08,Desk Lamp,Office,North,19.16,3.0,37.0,COD,5.0
ORD1562,2025-06-06,Laptop Stand,Office,West ,28.15,3.0,36.0,Credit Card,
ORD1262,25/02/2025,Desk Lamp,Office,South,16.79,4.0,54.0,credit card,5.0
ORD1659,02/01/2025,Noise Cancelling Headphones,Audio, North,88.29,3.0,34.0,Cash,2.8
ORD1729,2025-07-01,Wireless Mouse,Accessories, North,15.67,1.0,34.0,,3.6
ORD1553,2025-04-02,Phone Case,Accessories,North,10.2,3.0,16.0,COD,5.0
ORD1306,2025-01-14,Noise Cancelling Headphones,Audio, North,85.84,2.0,41.0,,5.0
ORD1925,16/06/2025,Bluetooth Speaker,Audio,South,37.01,5.0,51.0,Cash,4.0
ORD1961,26/01/2025,Webcam HD,Electronics,EAST,44.8,4.0,16.0,Debit Card,4.5
ORD1757,2025-01-11,Phone Case,Accessories,EAST,11.55,3.0,34.0,Cash,3.8
ORD1896,2025-04-24,Mechanical Keyboard,Accessories, North,,5.0,22.0,Credit Card,4.4
ORD1790,11/06/2025,Desk Lamp,Office,South,17.08,4.0,42.0,Debit Card,
ORD1641,2025-08-01,Power Bank,Electronics, North,34.51,8.0,50.0,Cash,3.3
ORD1502,2025-05-25,Noise Cancelling Headphones,Audio,West ,72.86,7.0,51.0,Cash,4.2
ORD1308,2025-04-08,Power Bank,Electronics, North,34.34,4.0,50.0,Cash,3.4
ORD1110,2025-03-22,Phone Case,Accessories,south,8.93,5.0,35.0,Debit Card,3.0
ORD1525,2025-06-12,Laptop Stand,Office,East,28.36,6.0,43.0,Cash,3.4
ORD1869,2025-04-25,Power Bank,Electronics,EAST,32.06,4.0,34.0,Credit Card,4.8
ORD1057,2025-06-12,Phone Case,Accessories,East,11.31,2.0,45.0,Cash,3.7
ORD1650,2025-03-22,Laptop Stand,Office,West,309.3,2.0,39.0,credit card,4.7
ORD1006,2025-06-13,Phone Case,Accessories,south,11.23,4.0,21.0,,4.8
ORD1966,06/01/2025,Wireless Mouse,Accessories,South,9.59,6.0,47.0,Debit Card,3.4
ORD1138,2025-05-13,Power Bank,Electronics,East,31.3,2.0,58.0,UPI,3.5
ORD1163,28/05/2025,Bluetooth Speaker,Audio,EAST,57.03,1.0,36.0,credit card,2.3
ORD1358,18/02/2025,Desk Lamp,Office,West,17.49,5.0,30.0,Cash,3.9
ORD1890,2025-07-23,Phone Case,Accessories,West,8.71,5.0,18.0,Cash,2.7
ORD1838,2025-03-07,Laptop Stand,Office,East,28.86,6.0,39.0,credit card,3.1
ORD1043,15/08/2025,Wireless Mouse,Accessories,East,17.32,3.0,31.0,,5.0
ORD1615,2025-02-04,Webcam HD,Electronics, North,32.62,5.0,36.0,credit card,4.1
ORD1063,2025-07-15,USB-C Hub,Accessories,West ,22.93,3.0,16.0,UPI,3.6
ORD1591,2025-05-20,Webcam HD,Electronics, North,33.81,3.0,34.0,Cash,5.0
ORD1586,2025-05-14,Wireless Mouse,Accessories,south,15.5,6.0,43.0,COD,3.4
ORD1038,2025-08-19,Webcam HD,Electronics,EAST,38.6,1.0,17.0,UPI,3.3
ORD1399,03/06/2025,Phone Case,Accessories,East,9.65,2.0,26.0,credit card,3.5
ORD1786,2025-05-31,Power Bank,Electronics,North,21.49,1.0,,credit card,4.5
ORD1888,2025-07-19,Wireless Mouse,Accessories,EAST,13.43,5.0,35.0,Cash,5.0
ORD1983,2025-06-26,Bluetooth Speaker,Audio,North,42.34,5.0,43.0,COD,3.0
ORD1204,08/02/2025,Power Bank,Electronics,West ,22.7,2.0,39.0,Debit Card,3.1
ORD1420,2025-08-06,Noise Cancelling Headphones,Audio,West ,0.0,5.0,26.0,credit card,4.4
ORD1960,09/03/2025,Phone Case,Accessories,south,7.42,4.0,21.0,Cash,2.8
ORD1862,2025-01-24,Laptop Stand,Office, North,21.38,3.0,28.0,COD,3.4
ORD1284,2025-01-13,USB-C Hub,Accessories,East,22.4,4.0,17.0,Credit Card,5.0
ORD1452,07/07/2025,Wireless Mouse,Accessories,south,14.92,3.0,,,4.4
ORD1644,2025-04-03,Mechanical Keyboard,Accessories, North,,5.0,39.0,Credit Card,3.2
ORD1496,2025-02-25,Wireless Mouse,Accessories,EAST,12.42,5.0,30.0,Cash,
ORD1418,2025-07-11,USB-C Hub,Accessories,West ,21.65,3.0,56.0,COD,3.3
,,,,,,,,,
ORD1472,2025-08-25,Phone Case,Accessories,south,5.88,6.0,29.0,Debit Card,4.2
ORD1185,07/05/2025,Wireless Mouse,Accessories, North,19.51,4.0,35.0,Credit Card,
ORD1968,25/01/2025,Power Bank,Electronics,south,35.36,3.0,49.0,Cash,4.1
ORD1632,2025-02-27,Mechanical Keyboard,Accessories,South,70.65,4.0,50.0,credit card,5.0
ORD1856,18/02/2025,Desk Lamp,Office,EAST,0.0,3.0,30.0,COD,4.4
ORD1872,28/06/2025,Laptop Stand,Office,West ,0.0,3.0,26.0,credit card,3.4
ORD1228,2025-03-05,Phone Case,Accessories,West,12.12,4.0,46.0,Cash,3.0
ORD1547,2025-01-29,Noise Cancelling Headphones,Audio,West ,87.99,5.0,30.0,COD,4.0
ORD1857,2025-01-31,Phone Case,Accessories,East,9.24,3.0,28.0,UPI,4.4
ORD1367,2025-04-08,Mechanical Keyboard,Accessories,south,45.78,4.0,18.0,credit card,
ORD1061,2025-05-06,USB-C Hub,Accessories, North,22.95,3.0,,Debit Card,4.5
ORD1626,2025-06-23,Phone Case,Accessories,south,10.05,5.0,16.0,Credit Card,
ORD1596,23/01/2025,Mechanical Keyboard,Accessories,EAST,57.88,6.0,41.0,,3.7
ORD1507,14/05/2025,Desk Lamp,Office,south,12.95,3.0,48.0,credit card,3.7
ORD1544,2025-02-19,USB-C Hub,Accessories,East,17.44,2.0,34.0,UPI,5.0
ORD1595,2025-04-03,POWER BANK,Electronics,EAST,25.73,4.0,39.0,UPI,3.5
ORD1747,2025-07-28,USB-C Hub,Accessories,West,15.72,3.0,23.0,Cash,5.0
ORD1454,2025-02-15,Bluetooth Speaker,Audio,West ,41.68,2.0,31.0,Debit Card,4.0
ORD1253,2025-04-17,Laptop Stand,Office,South,29.6,3.0,24.0,Cash,3.3
ORD1274,2025-07-09,Wireless Mouse,Accessories,West,14.79,3.0,16.0,Cash,4.9
ORD1514,2025-05-17,Webcam HD,Electronics,South,,5.0,34.0,UPI,4.0
ORD1709,05/05/2025,Mechanical Keyboard,Accessories,EAST,56.97,1.0,16.0,Credit Card,3.3
ORD1435,28/08/2025,Phone Case,Accessories,East,10.93,6.0,24.0,credit card,5.0
ORD1570,2025-02-15,Laptop Stand,Office,West,24.66,3.0,33.0,COD,4.4
ORD1109,2025-01-30,Noise Cancelling Headphones,Audio,West,99.1,3.0,33.0,Cash,3.6
ORD1677,26/07/2025,Phone Case,Accessories,East,8.83,5.0,32.0,Debit Card,3.8
ORD1360,2025-08-28,Phone Case,Accessories,East,0.0,4.0,37.0,COD,4.2
ORD1336,2025-04-06,Wireless Mouse,Accessories,West,13.15,1.0,45.0,Credit Card,3.5
ORD1610,11/01/2025,Wireless Mouse,Accessories,North,12.3,4.0,,Cash,4.8
ORD1700,2025-05-18,USB-C Hub,Accessories,East,18.86,7.0,39.0,credit card,4.4
ORD1319,2025-07-09,Phone Case,Accessories,south,10.42,5.0,37.0,,
ORD1613,14/03/2025,Wireless Mouse,Accessories,North,15.38,3.0,21.0,COD,2.8
ORD1396,2025-03-26,Bluetooth Speaker,Audio,West ,42.79,5.0,17.0,Cash,4.1
ORD1148,2025-04-02,Wireless Mouse,Accessories,south,16.21,4.0,,UPI,4.3
ORD1793,2025-04-23,Webcam HD,Electronics,EAST,42.82,2.0,25.0,,2.8
ORD1684,2025-08-11,Noise Cancelling Headphones,Audio,North,84.16,2.0,41.0,Cash,5.0
ORD1540,12/02/2025,USB-C Hub,Accessories,south,24.26,6.0,16.0,Credit Card,5.0
ORD1158,2025-01-17,Power Bank,Electronics,West ,29.6,2.0,48.0,credit card,3.5
ORD1928,2025-08-03,Mechanical Keyboard,Accessories,West,,5.0,39.0,Credit Card,3.6
ORD1482,17/07/2025,Laptop Stand,Office,East,28.74,5.0,29.0,UPI,
ORD1569,2025-07-08,Bluetooth Speaker,Audio,West,35.98,2.0,29.0,Credit Card,3.9
ORD1493,2025-07-06,Webcam HD,Electronics,East,41.96,4.0,18.0,Cash,1.6
ORD1023,2025-01-21,Power Bank,Electronics,South,33.93,1.0,18.0,COD,4.2
ORD1689,10/02/2025,Webcam HD,Electronics,North,36.38,4.0,44.0,,
ORD1128,2025-01-16,Noise Cancelling Headphones,Audio,south,,4.0,17.0,COD,4.5
ORD1861,2025-08-07,Power Bank,Electronics,West,32.94,4.0,42.0,Credit Card,4.5
ORD1972,2025-03-12,Webcam HD,Electronics,south,38.39,4.0,,,4.7
ORD1324,2025-07-16,Desk Lamp,Office,East,20.57,2.0,45.0,COD,5.0
ORD1902,2025-01-13,Noise Cancelling Headphones,Audio,North,116.46,7.0,38.0,UPI,5.0
ORD1511,2025-08-12,USB-C Hub,Accessories,East,23.95,1.0,32.0,,4.1
ORD1362,2025-08-15,Laptop Stand,Office,south,21.39,4.0,42.0,COD,4.1
ORD1952,2025-04-05,Bluetooth Speaker,Audio,North,57.49,3.0,31.0,COD,5.0
ORD1467,2025-01-14,Wireless Mouse,Accessories,East,15.44,4.0,,UPI,3.8
ORD1714,2025-05-26,Noise Cancelling Headphones,Audio,North,95.46,5.0,41.0,Credit Card,5.0
ORD1846,2025-03-20,Mechanical Keyboard,Accessories,South,61.72,3.0,45.0,COD,
ORD1758,24/04/2025,Webcam HD,Electronics,south,41.02,1.0,16.0,Credit Card,5.0
ORD1830,2025-05-27,Power Bank,Electronics,South,20.66,5.0,33.0,,3.8
ORD1679,2025-07-28,Noise Cancelling Headphones,Audio,EAST,,4.0,26.0,,5.0
ORD1419,2025-08-03,USB-C Hub,Accessories,South,18.78,5.0,16.0,Credit Card,4.3
ORD1526,2025-03-18,USB-C Hub,Accessories, North,22.19,4.0,23.0,Cash,5.0
ORD1609,26/06/2025,USB-C Hub,Accessories,East,18.31,5.0,38.0,Credit Card,5.0
ORD1249,2025-07-18,Bluetooth Speaker,Audio,south,52.35,4.0,35.0,,2.5
ORD1379,2025-07-13,Wireless Mouse,Accessories,South,15.35,10.0,,UPI,4.6
ORD1015,2025-04-06,Mechanical Keyboard,Accessories,South,68.72,4.0,30.0,Debit Card,2.8
ORD1159,2025-04-26,Laptop Stand,Office,East,31.75,3.0,18.0,,4.6
ORD1644,2025-04-03,Mechanical Keyboard,Accessories, North,,5.0,39.0,Credit Card,3.2
ORD1048,2025-08-14,Noise Cancelling Headphones,Audio,North,95.93,3.0,32.0,UPI,4.4
ORD1989,2025-01-31,Desk Lamp,Office, North,16.88,3.0,,Credit Card,3.3
ORD1699,2025-02-22,Laptop Stand,Office,West ,28.88,3.0,16.0,COD,3.3
ORD1411,2025-06-03,Power Bank,Electronics,East,,4.0,43.0,COD,
ORD1377,2025-07-11,Desk Lamp,Office,south,19.03,5.0,,Credit Card,2.7
ORD1294,2025-05-25,Webcam HD,Electronics,West ,36.68,5.0,47.0,credit card,3.3
ORD1567,2025-06-07,Mechanical Keyboard,Accessories,North,37.51,4.0,26.0,Credit Card,4.1
ORD1127,2025-04-29,Bluetooth Speaker,Audio,North,49.19,6.0,42.0,Cash,4.5
ORD1297,2025-02-10,Bluetooth Speaker,Audio,West ,45.99,2.0,50.0,COD,4.9
ORD1996,25/08/2025,Webcam HD,Electronics,West ,43.13,3.0,37.0,Cash,2.9
ORD1237,2025-02-06,Bluetooth Speaker,Audio,West,49.96,4.0,37.0,credit card,3.5
ORD1167,2025-07-04,Laptop Stand,Office,West ,26.34,6.0,35.0,credit card,5.0
ORD1892,2025-02-04,Wireless Mouse,Accessories,south,13.4,5.0,40.0,UPI,3.2
ORD1446,2025-08-10,MECHANICAL KEYBOARD,Accessories,West,48.19,4.0,42.0,COD,3.7
ORD1080,2025-07-22,Laptop Stand,Office, North,25.11,3.0,43.0,,
ORD1875,2025-08-15,Webcam HD,Electronics,EAST,36.1,4.0,38.0,credit card,2.5
ORD1941,25/08/2025,Phone Case,Accessories, North,12.58,2.0,29.0,Cash,3.0
ORD1937,2025-08-21,Desk Lamp,Office, North,17.15,5.0,33.0,Credit Card,3.9
ORD1030,2025-08-15,Desk Lamp,Office,North,20.37,6.0,31.0,,3.2
ORD1242,31/05/2025,Webcam HD,Electronics,West ,34.37,2.0,38.0,credit card,4.8
ORD1671,2025-04-02,Mechanical Keyboard,Accessories,West,41.93,3.0,31.0,Cash,3.8
ORD1740,2025-04-20,Noise Cancelling Headphones,Audio,south,-92.04,3.0,37.0,COD,3.9
ORD1571,04/02/2025,Wireless Mouse,Accessories,EAST,15.29,3.0,45.0,Debit Card,5.0
ORD1775,2025-06-22,Phone Case,Accessories,EAST,13.17,2.0,34.0,,5.0
ORD1578,16/05/2025,Bluetooth Speaker,Audio, North,41.07,4.0,22.0,COD,5.0
ORD1705,2025-01-16,Desk Lamp,Office,West,21.25,2.0,28.0,Cash,
ORD1027,2025-06-17,Mechanical Keyboard,Accessories, North,53.57,1.0,35.0,COD,3.0
ORD1577,2025-02-05,Wireless Mouse,Accessories,south,15.95,4.0,24.0,COD,5.0
ORD1122,15/05/2025,Bluetooth Speaker,Audio,south,42.65,4.0,35.0,Debit Card,5.0
ORD1802,2025-07-24,Bluetooth Speaker,Audio,West,53.14,4.0,40.0,COD,3.7
ORD1935,2025-05-29,Laptop Stand,Office,South,19.4,4.0,34.0,Credit Card,2.5
ORD1920,15/04/2025,Webcam HD,Electronics,West ,40.91,2.0,16.0,,4.5
ORD1723,2025-06-24,Phone Case,Accessories,West,10.35,6.0,26.0,credit card,3.8
ORD1563,2025-07-26,Noise Cancelling Headphones,Audio,East,106.31,7.0,39.0,Debit Card,4.0
ORD1508,04/08/2025,Webcam HD,Electronics,East,30.59,1.0,31.0,credit card,5.0
ORD1910,2025-06-09,Laptop Stand,Office,EAST,26.73,2.0,47.0,credit card,4.1
ORD1271,2025-03-10,Webcam HD,Electronics,North,42.41,6.0,32.0,UPI,5.0
ORD1347,2025-03-10,Webcam HD,Electronics,south,29.74,3.0,18.0,Debit Card,3.1
ORD1756,2025-04-07,Desk Lamp,Office,south,19.85,3.0,25.0,UPI,3.9
ORD1277,2025-07-07,Phone Case,Accessories,West,8.81,3.0,36.0,Debit Card,
ORD1894,2025-04-19,Laptop Stand,Office,South,,2.0,41.0,Cash,4.5
ORD1907,2025-05-21,Wireless Mouse,Accessories,South,14.06,5.0,26.0,Cash,3.5
ORD1431,2025-08-29,Mechanical Keyboard,Accessories,West ,58.04,3.0,26.0,Cash,3.5
ORD1691,2025-04-23,Bluetooth Speaker,Audio,South,49.08,4.0,26.0,Credit Card,4.2
ORD1975,13/01/2025,Desk Lamp,Office, North,11.75,6.0,20.0,,4.8
ORD1147,22/07/2025,Phone Case,Accessories, North,7.77,6.0,,credit card,3.7
ORD1299,26/05/2025,Noise Cancelling Headphones,Audio,West,83.37,2.0,39.0,COD,3.9
ORD1556,2025-05-19,USB-C Hub,Accessories,West ,15.27,2.0,25.0,Credit Card,
ORD1445,2025-08-28,Phone Case,Accessories,North,11.76,4.0,45.0,COD,5.0
ORD1877,2025-02-26,Noise Cancelling Headphones,Audio,EAST,87.52,4.0,31.0,Debit Card,3.8
ORD1457,2025-08-02,Mechanical Keyboard,Accessories,South,54.98,3.0,16.0,Credit Card,4.0
ORD1051,13/01/2025,Desk Lamp,Office,West ,19.65,5.0,49.0,UPI,3.7
ORD1878,2025-02-16,Laptop Stand,Office,East,28.42,6.0,27.0,Debit Card,4.4
ORD1518,2025-07-15,Power Bank,Electronics,West ,37.64,2.0,25.0,Credit Card,5.0
ORD1022,2025-01-15,Phone Case,Accessories,south,8.51,1.0,28.0,Credit Card,
ORD1318,2025-03-18,Bluetooth Speaker,Audio,south,34.71,6.0,36.0,UPI,3.8
ORD1674,2025-08-20,Mechanical Keyboard,Accessories,EAST,58.38,7.0,35.0,UPI,5.0
ORD1432,2025-06-29,USB-C Hub,Accessories,EAST,22.55,3.0,32.0,Credit Card,3.3
ORD1209,2025-05-08,Mechanical Keyboard,Accessories,West ,57.24,5.0,23.0,,3.8
ORD1619,2025-07-05,Desk Lamp,Office, North,15.87,2.0,36.0,,2.9
ORD1142,15/03/2025,Noise Cancelling Headphones,Audio,West,97.34,2.0,44.0,Cash,2.5
ORD1050,24/08/2025,Desk Lamp,Office,North,18.96,6.0,27.0,Cash,4.8
ORD1166,26/04/2025,Webcam HD,Electronics, North,36.45,2.0,26.0,Cash,5.0
ORD1666,2025-04-17,Wireless Mouse,Accessories,West ,12.88,1.0,34.0,COD,4.0
ORD1318,2025-03-18,Bluetooth Speaker,Audio,south,34.71,6.0,36.0,UPI,3.8
ORD1081,2025-02-08,Noise Cancelling Headphones,Audio,south,92.75,3.0,23.0,credit card,3.5
ORD1848,2025-08-16,Phone Case,Accessories,North,,3.0,25.0,credit card,4.3
ORD1321,2025-03-12,Wireless Mouse,Accessories,EAST,18.09,7.0,38.0,COD,5.0
ORD1932,24/03/2025,Mechanical Keyboard,Accessories,EAST,,6.0,41.0,Credit Card,5.0
ORD1964,2025-02-22,Mechanical Keyboard,Accessories, North,53.25,3.0,24.0,COD,
ORD1886,2025-02-15,Bluetooth Speaker,Audio,East,49.63,2.0,32.0,COD,3.7
ORD1066,2025-01-30,Wireless Mouse,Accessories,South,15.66,7.0,23.0,credit card,4.1
ORD1334,2025-02-16,PHONE CASE,Accessories,East,11.27,4.0,39.0,UPI,3.4
ORD1006,2025-06-13,Phone Case,Accessories,south,11.23,4.0,21.0,,4.8
ORD1142,15/03/2025,Noise Cancelling Headphones,Audio,West,97.34,2.0,44.0,Cash,2.5
ORD1289,2025-05-08,Noise Cancelling Headphones,Audio,North,93.11,6.0,24.0,Credit Card,4.1
ORD1339,03/02/2025,Desk Lamp,Office,East,,5.0,,Credit Card,5.0
ORD1829,2025-06-16,Bluetooth Speaker,Audio,West ,51.5,3.0,42.0,UPI,
ORD1283,2025-03-19,Bluetooth Speaker,Audio,North,57.41,2.0,33.0,Debit Card,3.8
ORD1500,17/01/2025,Bluetooth Speaker,Audio, North,47.14,1.0,30.0,UPI,3.0
ORD1664,2025-08-26,Phone Case,Accessories,West ,8.79,3.0,43.0,Cash,4.9
ORD1064,17/03/2025,Mechanical Keyboard,Accessories,North,53.17,8.0,35.0,COD,2.9
ORD1693,2025-02-09,Power Bank,Electronics,East,27.58,6.0,34.0,Credit Card,4.6
ORD1264,2025-02-18,Mechanical Keyboard,Accessories,North,53.62,4.0,28.0,,3.8
ORD1449,2025-05-23,Bluetooth Speaker,Audio,West ,48.64,5.0,33.0,COD,3.7
ORD1580,30/06/2025,Webcam HD,Electronics,West,41.32,5.0,27.0,Debit Card,4.7
ORD1783,2025-01-18,Mechanical Keyboard,Accessories,West ,60.24,7.0,23.0,Credit Card,1.2
ORD1020,2025-05-19,Power Bank,Electronics,West,29.13,4.0,37.0,Debit Card,5.0
ORD1442,2025-03-21,Wireless Mouse,Accessories,south,19.53,8.0,44.0,Cash,4.5
ORD1821,2025-05-03,Mechanical Keyboard,Accessories, North,65.1,2.0,41.0,COD,5.0
ORD1746,2025-08-13,Desk Lamp,Office,West,18.63,4.0,,Credit Card,5.0
ORD1296,2025-06-30,Webcam HD,Electronics,south,25.53,8.0,18.0,Credit Card,3.7
ORD1499,2025-04-27,Noise Cancelling Headphones,Audio,North,79.42,4.0,21.0,Credit Card,3.7
ORD1572,2025-06-06,Laptop Stand,Office,West,23.87,2.0,16.0,Credit Card,3.2
ORD1261,2025-01-18,Laptop Stand,Office,East,31.79,2.0,,Cash,4.0
ORD1804,2025-04-26,Phone Case,Accessories,West,8.77,2.0,21.0,Credit Card,3.1
ORD1865,21/06/2025,Webcam HD,Electronics,East,32.12,2.0,20.0,UPI,4.8
ORD1718,2025-01-26,Wireless Mouse,Accessories,south,16.3,4.0,32.0,UPI,3.3
ORD1557,2025-06-17,Wireless Mouse,Accessories,East,,4.0,56.0,COD,3.7
ORD1611,2025-08-24,WIRELESS MOUSE,Accessories,West,14.73,2.0,30.0,Debit Card,2.9
ORD1621,01/08/2025,Laptop Stand,Office,East,23.77,3.0,30.0,Cash,4.4
ORD1528,2025-06-29,Mechanical Keyboard,Accessories,EAST,67.01,3.0,33.0,Cash,3.9
ORD1881,10/03/2025,Wireless Mouse,Accessories,North,17.01,4.0,33.0,,4.2
ORD1188,2025-07-31,Noise Cancelling Headphones,Audio,EAST,99.74,3.0,40.0,COD,3.9
ORD1251,2025-05-12,Mechanical Keyboard,Accessories,South,72.51,3.0,33.0,Debit Card,5.0
ORD1071,2025-02-12,Mechanical Keyboard,Accessories, North,44.17,5.0,29.0,Cash,5.0
ORD1101,2025-03-02,Webcam HD,Electronics,south,42.85,4.0,58.0,credit card,4.2
ORD1788,2025-08-13,Noise Cancelling Headphones,Audio,North,111.36,3.0,31.0,credit card,5.0
ORD1945,2025-03-23,Laptop Stand,Office,West,26.05,5.0,33.0,Cash,3.2
ORD1397,01/06/2025,Wireless Mouse,Accessories,North,14.61,4.0,29.0,credit card,2.7
ORD1887,27/01/2025,Noise Cancelling Headphones,Audio,south,76.09,5.0,20.0,UPI,2.1
ORD1565,2025-05-16,Power Bank,Electronics,West,27.24,5.0,21.0,Cash,3.9
ORD1667,2025-01-28,Bluetooth Speaker,Audio,South,47.65,2.0,38.0,Cash,4.3
ORD1995,2025-04-18,Laptop Stand,Office, North,19.34,6.0,20.0,Credit Card,
ORD1771,2025-03-15,Phone Case,Accessories,south,11.44,6.0,33.0,COD,5.0
ORD1330,2025-05-10,Phone Case,Accessories,East,7.59,4.0,26.0,UPI,4.8
ORD1452,07/07/2025,Wireless Mouse,Accessories,south,14.92,3.0,,,4.4
ORD1598,07/04/2025,Bluetooth Speaker,Audio, North,42.45,7.0,41.0,Cash,4.1
ORD1734,2025-01-12,Phone Case,Accessories, North,11.35,3.0,20.0,Cash,3.0
ORD1365,21/02/2025,Desk Lamp,Office, North,16.69,3.0,41.0,COD,3.9
ORD1281,2025-08-01,Webcam HD,Electronics, North,34.52,5.0,35.0,Debit Card,
ORD1866,16/06/2025,Noise Cancelling Headphones,Audio,South,107.43,4.0,59.0,Credit Card,2.8
ORD1781,12/05/2025,Laptop Stand,Office,West,27.71,5.0,36.0,credit card,5.0
ORD1813,2025-08-18,Power Bank,Electronics,West,35.78,3.0,51.0,Debit Card,5.0
ORD1853,01/04/2025,Wireless Mouse,Accessories,East,13.6,3.0,39.0,Cash,3.6
ORD1463,2025-05-27,Mechanical Keyboard,Accessories,North,57.3,5.0,21.0,Cash,4.7
ORD1799,2025-06-28,Webcam HD,Electronics,West ,35.79,5.0,27.0,COD,3.2
ORD1207,2025-08-21,Power Bank,Electronics,North,38.76,3.0,39.0,Debit Card,4.2
ORD1513,2025-01-27,Bluetooth Speaker,Audio, North,55.09,5.0,31.0,Credit Card,4.8
ORD1218,2025-07-20,Bluetooth Speaker,Audio,South,32.83,3.0,27.0,credit card,3.0
ORD1239,2025-03-26,USB-C Hub,Accessories,West,21.87,5.0,31.0,,3.3
ORD1963,2025-02-27,USB-C Hub,Accessories,EAST,18.11,5.0,32.0,Cash,4.3
ORD1355,2025-07-22,Wireless Mouse,Accessories, North,12.76,500.0,49.0,credit card,3.2
ORD1564,2025-01-10,USB-C Hub,Accessories,South,26.82,4.0,42.0,COD,4.2
ORD1192,2025-06-02,USB-C Hub,Accessories,West ,16.53,6.0,18.0,credit card,3.9
ORD1280,2025-06-13,Bluetooth Speaker,Audio,North,52.47,4.0,32.0,Cash,3.6
ORD1191,03/05/2025,Noise Cancelling Headphones,Audio,south,103.63,5.0,29.0,Cash,4.1
ORD1407,2025-04-12,Mechanical Keyboard,Accessories,South,72.99,3.0,39.0,COD,3.2
ORD1430,21/01/2025,Noise Cancelling Headphones,Audio,south,92.66,6.0,37.0,COD,5.0
ORD1685,2025-06-09,Desk Lamp,Office,EAST,16.08,3.0,38.0,Credit Card,3.9
ORD1132,2025-07-09,Laptop Stand,Office,South,,4.0,35.0,COD,4.9
ORD1707,2025-07-02,Laptop Stand,Office,South,22.45,4.0,36.0,COD,4.0
ORD1523,2025-07-09,USB-C Hub,Accessories,West ,17.65,7.0,24.0,Credit Card,3.5
ORD1252,10/08/2025,Mechanical Keyboard,Accessories,south,74.95,4.0,29.0,,4.8
ORD1720,2025-03-01,Bluetooth Speaker,Audio,South,48.29,5.0,,Debit Card,3.6
ORD1551,13/06/2025,Phone Case,Accessories,EAST,-8.97,2.0,,UPI,5.0
ORD1263,2025-03-05,LAPTOP STAND,Office, North,25.21,2.0,27.0,,4.6
ORD1070,2025-03-09,Phone Case,Accessories,West,8.55,2.0,40.0,Cash,5.0
ORD1272,2025-05-11,Noise Cancelling Headphones,Audio,East,106.03,4.0,59.0,UPI,4.4
ORD1112,2025-07-12,Desk Lamp,Office,North,20.53,1.0,46.0,UPI,3.5
ORD1327,2025-03-12,Bluetooth Speaker,Audio, North,52.22,2.0,32.0,COD,3.4
ORD1115,2025-02-06,Webcam HD,Electronics,East,30.06,5.0,39.0,COD,3.8
ORD1323,2025-02-11,Bluetooth Speaker,Audio,West,25.15,3.0,53.0,,3.9
ORD1119,2025-05-08,Mechanical Keyboard,Accessories,EAST,44.61,3.0,21.0,credit card,4.2
ORD1867,29/07/2025,Noise Cancelling Headphones,Audio,South,72.95,2.0,27.0,Credit Card,4.7
ORD1423,09/03/2025,Noise Cancelling Headphones,Audio,south,102.7,3.0,27.0,UPI,4.3
ORD1905,17/06/2025,USB-C Hub,Accessories,south,15.85,6.0,31.0,Cash,4.0
ORD1834,2025-01-22,Power Bank,Electronics,south,25.53,3.0,35.0,credit card,4.2
ORD1947,2025-01-13,Webcam HD,Electronics, North,32.31,2.0,43.0,Cash,3.5
ORD1515,2025-05-19,Noise Cancelling Headphones,Audio,East,77.9,3.0,40.0,COD,3.4
ORD1530,2025-08-15,Bluetooth Speaker,Audio,East,36.36,4.0,35.0,Credit Card,4.3
ORD1602,2025-06-27,Mechanical Keyboard,Accessories,North,70.73,4.0,33.0,,4.6
ORD1754,2025-07-12,Noise Cancelling Headphones,Audio,south,87.34,7.0,27.0,Cash,3.9
ORD1653,20/02/2025,USB-C Hub,Accessories,North,20.26,6.0,47.0,Cash,5.0
ORD1278,2025-01-03,Webcam HD,Electronics,EAST,38.08,5.0,,,5.0
ORD1839,2025-06-15,USB-C Hub,Accessories,EAST,20.24,4.0,33.0,,2.8
ORD1694,29/03/2025,Wireless Mouse,Accessories, North,19.18,6.0,29.0,UPI,4.1
ORD1002,09/02/2025,Laptop Stand,Office,South,22.86,4.0,24.0,Credit Card,3.7
ORD1229,2025-08-09,Webcam HD,Electronics,East,35.33,4.0,36.0,UPI,3.7
ORD1503,2025-04-30,Mechanical Keyboard,Accessories,West,71.29,500.0,33.0,,5.0
ORD1990,2025-02-05,Wireless Mouse,Accessories, North,11.79,3.0,34.0,Credit Card,4.6
ORD1868,04/07/2025,Phone Case,Accessories,EAST,11.54,6.0,39.0,credit card,5.0
ORD1914,2025-03-13,USB-C Hub,Accessories,West ,,4.0,44.0,Debit Card,3.5
ORD1618,2025-06-27,Bluetooth Speaker,Audio,East,41.45,2.0,44.0,Credit Card,3.1
ORD1199,28/02/2025,Power Bank,Electronics, North,37.87,5.0,42.0,Debit Card,3.6
ORD1371,2025-01-19,Phone Case,Accessories,West,10.67,2.0,34.0,Debit Card,4.7
ORD1916,22/01/2025,Desk Lamp,Office,South,14.71,3.0,33.0,UPI,3.5
ORD1078,24/01/2025,Laptop Stand,Office,South,22.24,-5.0,39.0,Cash,2.7
ORD1437,30/03/2025,LAPTOP STAND,Office,West ,26.84,500.0,21.0,,5.0
ORD1655,10/03/2025,USB-C Hub,Accessories,East,21.52,2.0,26.0,Cash,5.0
ORD1065,2025-06-13,Power Bank,Electronics,North,38.24,3.0,33.0,credit card,3.8
ORD1307,2025-01-21,Wireless Mouse,Accessories,EAST,18.14,2.0,17.0,Cash,3.4
ORD1040,2025-03-24,Desk Lamp,Office,West,23.79,6.0,40.0,credit card,3.4
ORD1590,2025-02-11,Webcam HD,Electronics,North,34.44,7.0,43.0,Cash,4.4
ORD1794,2025-08-21,Desk Lamp,Office,East,18.67,2.0,50.0,credit card,3.9
ORD1696,2025-01-08,Power Bank,Electronics,South,28.22,5.0,22.0,Credit Card,2.4
ORD1504,2025-01-03,Webcam HD,Electronics, North,24.76,3.0,35.0,,
ORD1541,2025-05-02,Laptop Stand,Office,West,21.45,3.0,24.0,Cash,4.4
ORD1049,2025-07-24,DESK LAMP,Office,West,16.32,2.0,28.0,UPI,4.9
ORD1603,11/02/2025,Phone Case,Accessories,south,8.72,7.0,38.0,Credit Card,4.9
ORD1273,2025-01-12,Bluetooth Speaker,Audio,North,43.01,5.0,,Cash,5.0
ORD1744,2025-08-02,Laptop Stand,Office,south,25.81,5.0,30.0,Debit Card,5.0
ORD1701,12/06/2025,Power Bank,Electronics, North,21.02,4.0,,Debit Card,3.6
ORD1686,2025-08-21,Phone Case,Accessories,West ,8.01,5.0,33.0,Debit Card,4.4
ORD1864,2025-07-10,Laptop Stand,Office, North,22.13,3.0,45.0,credit card,5.0
ORD1177,2025-05-24,Wireless Mouse,Accessories,EAST,16.07,2.0,34.0,UPI,2.9
ORD1300,2025-02-12,Bluetooth Speaker,Audio,south,53.28,3.0,45.0,Cash,
ORD1037,2025-08-29,Desk Lamp,Office,south,0.0,1.0,57.0,Cash,
ORD1353,2025-03-26,Bluetooth Speaker,Audio,West,39.62,4.0,39.0,credit card,4.1
ORD1202,2025-06-22,Noise Cancelling Headphones,Audio,East,103.01,4.0,56.0,COD,3.4
ORD1236,2025-04-29,Noise Cancelling Headphones,Audio,East,71.9,7.0,43.0,UPI,4.5
ORD1149,2025-02-17,Phone Case,Accessories, North,10.61,2.0,30.0,,4.3
ORD1724,2025-04-12,Power Bank,Electronics, North,28.55,6.0,35.0,Cash,5.0
ORD1447,2025-01-03,Noise Cancelling Headphones,Audio,West ,114.57,4.0,39.0,COD,5.0
ORD1217,14/07/2025,Bluetooth Speaker,Audio,EAST,43.74,1.0,39.0,credit card,4.1
ORD1722,11/01/2025,DESK LAMP,Office, North,18.54,3.0,40.0,COD,4.0
ORD1473,2025-02-07,Wireless Mouse,Accessories,North,10.21,5.0,34.0,UPI,3.6
ORD1587,2025-03-19,Power Bank,Electronics, North,27.13,3.0,18.0,Debit Card,5.0
ORD1652,2025-02-16,Mechanical Keyboard,Accessories,West,82.36,3.0,46.0,Credit Card,4.4
ORD1732,2025-07-06,Noise Cancelling Headphones,Audio,North,91.45,2.0,37.0,COD,4.4
ORD1302,2025-07-21,Power Bank,Electronics,West,,4.0,31.0,Debit Card,4.2
ORD1913,2025-08-25,Bluetooth Speaker,Audio,EAST,53.96,4.0,33.0,UPI,
ORD1977,2025-01-26,Desk Lamp,Office, North,18.07,2.0,26.0,Debit Card,4.8
ORD1716,22/04/2025,Phone Case,Accessories,south,7.39,4.0,,Cash,2.0
ORD1985,14/08/2025,USB-C Hub,Accessories,West,23.43,0.0,31.0,Credit Card,4.9
ORD1388,2025-01-20,USB-C Hub,Accessories,North,24.16,4.0,45.0,,3.8
ORD1478,2025-03-20,Wireless Mouse,Accessories,East,13.38,2.0,41.0,Credit Card,4.2
ORD1491,2025-08-17,Bluetooth Speaker,Audio,EAST,48.93,7.0,29.0,UPI,5.0
ORD1422,2025-05-13,Laptop Stand,Office,North,24.66,2.0,44.0,COD,3.9
ORD1387,2025-03-20,Phone Case,Accessories,South,9.01,2.0,39.0,,4.0
ORD1859,2025-04-22,Desk Lamp,Office,South,19.37,3.0,56.0,,4.5
ORD1390,2025-01-24,Mechanical Keyboard,Accessories,West,73.62,4.0,27.0,,3.4
ORD1534,21/06/2025,USB-C Hub,Accessories, North,23.56,2.0,48.0,credit card,
ORD1352,2025-08-17,Desk Lamp,Office,East,17.4,3.0,48.0,credit card,3.4
ORD1193,2025-02-21,Wireless Mouse,Accessories,south,15.88,4.0,33.0,,3.2
ORD1235,2025-07-23,Desk Lamp,Office, North,12.69,5.0,,Debit Card,4.0
ORD1769,2025-04-21,USB-C Hub,Accessories,East,16.26,1.0,43.0,credit card,4.6
ORD1889,06/07/2025,Bluetooth Speaker,Audio,East,35.03,4.0,34.0,Debit Card,3.4
ORD1480,18/06/2025,USB-C Hub,Accessories,West,17.11,2.0,24.0,Cash,5.0
ORD1055,2025-01-20,Desk Lamp,Office,West,16.17,4.0,38.0,Credit Card,3.6
ORD1116,2025-02-10,USB-C Hub,Accessories,South,20.98,5.0,21.0,Credit Card,5.0
ORD1096,2025-02-27,Phone Case,Accessories,EAST,8.69,6.0,29.0,,3.1
ORD1141,2025-06-30,Phone Case,Accessories,South,7.73,3.0,30.0,Credit Card,4.6
ORD1957,05/05/2025,USB-C Hub,Accessories,south,21.8,2.0,52.0,,3.2
ORD1917,01/08/2025,USB-C Hub,Accessories,EAST,20.58,4.0,50.0,UPI,4.5
ORD1635,2025-07-27,Phone Case,Accessories,EAST,7.92,2.0,28.0,credit card,3.9
ORD1597,2025-08-02,Desk Lamp,Office,West,17.51,3.0,43.0,UPI,3.6
ORD1673,2025-08-27,USB-C Hub,Accessories,South,18.48,4.0,31.0,UPI,4.8
ORD1120,2025-01-11,Webcam HD,Electronics,South,26.44,5.0,39.0,,4.3
ORD1810,2025-01-01,Phone Case,Accessories,south,9.25,1.0,23.0,Credit Card,5.0
ORD1472,2025-08-25,Phone Case,Accessories,south,5.88,6.0,29.0,Debit Card,4.2
ORD1929,2025-05-13,Laptop Stand,Office,south,30.88,4.0,32.0,Debit Card,5.0
ORD1062,2025-04-19,Webcam HD,Electronics,south,42.62,5.0,43.0,COD,4.0
ORD1808,2025-08-29,Webcam HD,Electronics,North,,8.0,36.0,UPI,5.0
ORD1818,2025-02-18,Wireless Mouse,Accessories,south,18.1,4.0,35.0,,4.4
ORD1453,2025-06-24,Power Bank,Electronics, North,31.39,3.0,32.0,UPI,2.7
ORD1779,2025-01-14,Bluetooth Speaker,Audio,EAST,58.69,2.0,,,3.8
ORD1414,2025-01-28,Noise Cancelling Headphones,Audio,south,1097.7,2.0,34.0,Credit Card,3.5
ORD1003,18/05/2025,Mechanical Keyboard,Accessories,South,53.32,4.0,59.0,credit card,4.5
ORD1058,2025-05-04,Noise Cancelling Headphones,Audio, North,81.03,3.0,47.0,UPI,4.9
ORD1223,21/04/2025,USB-C Hub,Accessories,EAST,19.33,6.0,28.0,Credit Card,1.8
ORD1221,2025-02-05,Power Bank,Electronics,South,26.82,3.0,35.0,credit card,4.1
ORD1465,2025-05-28,Phone Case,Accessories, North,8.93,3.0,22.0,Credit Card,4.3
ORD1052,2025-01-05,Desk Lamp,Office,south,16.9,6.0,36.0,Debit Card,3.9
ORD1485,03/05/2025,Wireless Mouse,Accessories,West ,18.93,7.0,28.0,COD,3.7
ORD1968,25/01/2025,Power Bank,Electronics,south,35.36,3.0,49.0,Cash,4.1
ORD1708,2025-06-04,Power Bank,Electronics,south,24.88,7.0,25.0,credit card,4.2
ORD1155,06/05/2025,Noise Cancelling Headphones,Audio,South,93.29,3.0,34.0,Cash,3.9
ORD1706,2025-03-09,Power Bank,Electronics,West ,33.66,2.0,55.0,COD,3.4
ORD1682,30/05/2025,Phone Case,Accessories,EAST,8.85,4.0,33.0,Credit Card,4.3
ORD1248,2025-02-25,Wireless Mouse,Accessories,West,12.7,4.0,52.0,UPI,3.8
ORD1441,2025-02-17,LAPTOP STAND,Office,East,27.36,1.0,37.0,COD,5.0
ORD1903,2025-02-03,Webcam HD,Electronics,EAST,28.65,4.0,46.0,COD,2.1
ORD1117,2025-05-05,Bluetooth Speaker,Audio,West,33.17,4.0,16.0,,3.6
ORD1568,18/08/2025,Wireless Mouse,Accessories,south,15.28,5.0,26.0,Cash,4.3
ORD1924,2025-06-18,Power Bank,Electronics, North,30.43,4.0,23.0,COD,3.3
ORD1291,2025-01-07,Power Bank,Electronics, North,24.06,2.0,29.0,Credit Card,3.5
ORD1381,2025-03-18,Power Bank,Electronics,south,27.59,3.0,18.0,Credit Card,3.8
ORD1951,27/02/2025,Webcam HD,Electronics,South,28.31,6.0,,UPI,2.6
ORD1200,16/08/2025,Desk Lamp,Office,South,22.91,3.0,25.0,credit card,
ORD1761,2025-07-13,Desk Lamp,Office,East,17.84,6.0,51.0,,3.7
ORD1962,2025-01-28,Power Bank,Electronics,South,25.99,5.0,40.0,Debit Card,3.8
ORD1505,2025-04-12,Wireless Mouse,Accessories,North,13.44,7.0,50.0,,5.0
ORD1814,08/01/2025,Bluetooth Speaker,Audio,EAST,40.01,6.0,20.0,,4.4
ORD1614,2025-04-23,Phone Case,Accessories,south,12.18,2.0,42.0,Cash,4.0
ORD1340,2025-06-02,Mechanical Keyboard,Accessories,North,74.12,2.0,20.0,Credit Card,4.6
ORD1154,08/07/2025,Mechanical Keyboard,Accessories,South,58.0,5.0,22.0,UPI,4.1
ORD1915,2025-07-26,Noise Cancelling Headphones,Audio,West ,100.08,7.0,29.0,Debit Card,
ORD1594,2025-08-06,Mechanical Keyboard,Accessories,South,64.78,3.0,50.0,credit card,5.0
ORD1776,2025-05-05,Laptop Stand,Office,West,24.67,3.0,49.0,COD,4.4
ORD1837,02/04/2025,Laptop Stand,Office,EAST,23.7,4.0,26.0,Credit Card,4.2
ORD1322,2025-08-11,Phone Case,Accessories,south,11.75,3.0,31.0,Debit Card,4.6
ORD1642,2025-04-10,Webcam HD,Electronics,EAST,43.48,3.0,30.0,Debit Card,4.4
ORD1623,20/05/2025,Power Bank,Electronics,EAST,35.86,3.0,31.0,Credit Card,4.3
ORD1082,09/04/2025,USB-C Hub,Accessories,North,17.68,6.0,30.0,UPI,5.0
ORD1620,2025-05-05,Phone Case,Accessories,West ,9.01,5.0,17.0,Credit Card,4.0
ORD1464,18/03/2025,Noise Cancelling Headphones,Audio,West,61.69,4.0,42.0,COD,
ORD1760,2025-02-05,Mechanical Keyboard,Accessories, North,69.86,5.0,38.0,Credit Card,2.8
ORD1598,07/04/2025,Bluetooth Speaker,Audio, North,42.45,7.0,41.0,Cash,4.1
ORD1333,2025-08-11,Desk Lamp,Office,West,14.52,2.0,22.0,UPI,4.8
ORD1010,2025-01-03,Power Bank,Electronics, North,26.22,4.0,30.0,,3.1
ORD1470,2025-07-08,Noise Cancelling Headphones,Audio, North,101.19,1.0,33.0,,3.3
ORD1032,2025-06-08,Power Bank,Electronics,West,28.99,1.0,41.0,,4.0
ORD1818,2025-02-18,Wireless Mouse,Accessories,south,18.1,4.0,35.0,,4.4
ORD1933,08/04/2025,Power Bank,Electronics,West ,14.08,4.0,32.0,COD,4.6
ORD1382,2025-05-21,Wireless Mouse,Accessories,south,17.0,3.0,39.0,Debit Card,5.0
ORD1725,2025-07-01,Webcam HD,Electronics,south,37.78,5.0,20.0,UPI,4.3
ORD1630,2025-01-26,Webcam HD,Electronics,West ,33.94,4.0,28.0,credit card,5.0
ORD1958,2025-08-23,Power Bank,Electronics,West,22.06,2.0,36.0,,4.4
ORD1967,2025-03-05,Phone Case,Accessories,North,8.75,5.0,,credit card,3.8
ORD1378,22/08/2025,Power Bank,Electronics,EAST,34.73,3.0,24.0,Cash,2.0
ORD1089,2025-03-07,USB-C Hub,Accessories,West ,22.39,3.0,27.0,UPI,4.1
ORD1213,2025-08-04,Wireless Mouse,Accessories,East,20.61,7.0,29.0,Credit Card,5.0
ORD1986,2025-05-04,Wireless Mouse,Accessories, North,14.28,6.0,18.0,,4.5
ORD1133,2025-07-16,Mechanical Keyboard,Accessories,East,62.55,3.0,34.0,Debit Card,
ORD1346,2025-04-20,Mechanical Keyboard,Accessories,North,51.89,4.0,40.0,Credit Card,4.1
ORD1669,2025-06-04,Wireless Mouse,Accessories,East,13.58,5.0,32.0,Debit Card,5.0
ORD1007,2025-08-22,Webcam HD,Electronics,south,35.9,2.0,32.0,Debit Card,3.8
ORD1657,2025-01-03,Noise Cancelling Headphones,Audio,EAST,85.68,2.0,50.0,COD,4.4
ORD1320,2025-05-15,Power Bank,Electronics,West,,4.0,,,3.6
ORD1831,25/03/2025,DESK LAMP,Office,East,20.0,4.0,43.0,Cash,3.7
ORD1187,2025-03-07,Webcam HD,Electronics,south,33.68,6.0,,,4.6
ORD1552,2025-05-06,Wireless Mouse,Accessories,South,18.56,3.0,22.0,credit card,4.5
ORD1304,2025-05-04,Webcam HD,Electronics,East,40.25,7.0,27.0,credit card,2.4
ORD1031,2025-07-23,Wireless Mouse,Accessories,south,17.2,1.0,,Debit Card,4.5
ORD1651,2025-07-22,Laptop Stand,Office,East,17.96,8.0,30.0,UPI,3.5
ORD1240,15/08/2025,Desk Lamp,Office,EAST,16.43,4.0,39.0,Credit Card,5.0
ORD1879,2025-02-15,Mechanical Keyboard,Accessories,West,68.23,3.0,30.0,Credit Card,5.0
ORD1174,2025-05-30,Webcam HD,Electronics,North,32.11,5.0,27.0,credit card,4.0
ORD1245,2025-01-03,Phone Case,Accessories,EAST,10.28,7.0,33.0,credit card,5.0
ORD1056,2025-01-11,Bluetooth Speaker,Audio,south,39.45,3.0,36.0,Credit Card,4.6
ORD1798,2025-06-26,Webcam HD,Electronics,EAST,,3.0,17.0,Cash,3.6
ORD1145,21/07/2025,Webcam HD,Electronics,South,36.6,10.0,30.0,,3.3
ORD1090,2025-04-19,Webcam HD,Electronics, North,30.48,3.0,30.0,Debit Card,3.6
ORD1392,01/03/2025,Phone Case,Accessories,south,8.92,3.0,35.0,Cash,4.3
ORD1310,2025-08-10,Power Bank,Electronics,West,28.04,1.0,32.0,Cash,3.1
ORD1359,2025-06-22,Desk Lamp,Office,West ,14.67,2.0,38.0,Cash,4.4
ORD1093,2025-06-18,Mechanical Keyboard,Accessories,South,57.13,6.0,31.0,COD,5.0
ORD1737,2025-05-14,Webcam HD,Electronics,West ,32.59,5.0,36.0,,4.1
ORD1929,2025-05-13,Laptop Stand,Office,south,30.88,4.0,32.0,Debit Card,5.0
ORD1376,2025-02-23,Power Bank,Electronics,EAST,27.93,8.0,22.0,,5.0
ORD1243,22/03/2025,Noise Cancelling Headphones,Audio,East,84.97,7.0,50.0,UPI,3.4
ORD1874,2025-06-14,Laptop Stand,Office,West,24.27,4.0,39.0,credit card,5.0
ORD1087,20/08/2025,Bluetooth Speaker,Audio,North,50.1,5.0,43.0,UPI,3.4
ORD1214,05/01/2025,Noise Cancelling Headphones,Audio,North,97.67,2.0,39.0,Credit Card,3.0
ORD1444,2025-03-05,USB-C Hub,Accessories,West ,22.08,2.0,,COD,5.0
ORD1173,2025-03-28,Noise Cancelling Headphones,Audio,West ,,5.0,38.0,COD,4.3
ORD1425,2025-07-24,Desk Lamp,Office,North,14.03,2.0,51.0,Debit Card,3.8
ORD1822,2025-07-07,Laptop Stand,Office,North,28.03,2.0,25.0,,2.5
ORD1118,12/01/2025,Noise Cancelling Headphones,Audio,North,103.12,3.0,33.0,Credit Card,4.4
ORD1119,2025-05-08,Mechanical Keyboard,Accessories,EAST,44.61,3.0,21.0,credit card,4.2
ORD1676,21/07/2025,Bluetooth Speaker,Audio,South,54.12,6.0,42.0,Cash,5.0
ORD1000,27/02/2025,BLUETOOTH SPEAKER,Audio,South,48.35,4.0,32.0,credit card,5.0
ORD1394,2025-01-20,Webcam HD,Electronics,West,26.73,5.0,43.0,credit card,4.6
ORD1401,2025-02-15,Desk Lamp,Office,North,22.02,4.0,38.0,,4.5
ORD1404,15/04/2025,Bluetooth Speaker,Audio,North,43.44,4.0,,credit card,5.0
ORD1656,2025-02-16,Mechanical Keyboard,Accessories, North,63.99,5.0,16.0,UPI,2.2
ORD1663,2025-07-24,Power Bank,Electronics,North,28.83,8.0,22.0,Debit Card,1.5
ORD1162,2025-02-13,Laptop Stand,Office,south,24.01,4.0,29.0,,4.6
ORD1114,2025-06-07,Power Bank,Electronics, North,32.25,2.0,23.0,Credit Card,4.8
ORD1150,2025-01-21,Laptop Stand,Office,West ,18.21,2.0,43.0,credit card,4.4
ORD1625,2025-05-22,Bluetooth Speaker,Audio,West ,35.13,3.0,25.0,credit card,4.6
ORD1627,2025-07-15,Webcam HD,Electronics,South,31.1,2.0,32.0,Cash,4.5
ORD1773,2025-08-14,USB-C Hub,Accessories,South,16.47,3.0,41.0,COD,4.2
ORD1368,2025-06-30,Phone Case,Accessories,West,10.32,5.0,32.0,,5.0
ORD1543,2025-03-11,Desk Lamp,Office,South,15.26,3.0,59.0,UPI,3.5
ORD1477,2025-08-20,Desk Lamp,Office,South,18.97,6.0,34.0,Debit Card,5.0
ORD1532,2025-07-02,Noise Cancelling Headphones,Audio,south,98.48,3.0,31.0,Credit Card,4.3
ORD1512,2025-04-10,Laptop Stand,Office,North,22.46,1.0,44.0,UPI,2.5
ORD1860,10/08/2025,Laptop Stand,Office,EAST,27.54,3.0,31.0,Debit Card,4.8
ORD1133,2025-07-16,Mechanical Keyboard,Accessories,East,62.55,3.0,34.0,Debit Card,
ORD1258,2025-08-20,Webcam HD,Electronics, North,39.17,5.0,21.0,COD,3.4
ORD1624,2025-06-18,Phone Case,Accessories,East,12.35,6.0,34.0,Cash,3.3
ORD1897,2025-06-24,Laptop Stand,Office, North,19.72,-5.0,51.0,credit card,3.1
ORD1135,23/04/2025,Noise Cancelling Headphones,Audio,West,100.71,2.0,23.0,Cash,3.2
ORD1616,2025-03-21,Desk Lamp,Office,West,18.87,6.0,33.0,credit card,3.2
ORD1981,06/04/2025,Mechanical Keyboard,Accessories, North,49.19,6.0,34.0,Credit Card,3.2
ORD1703,2025-03-02,Noise Cancelling Headphones,Audio,West,61.33,6.0,36.0,UPI,3.6
ORD1592,2025-07-06,Noise Cancelling Headphones,Audio,South,74.71,5.0,41.0,COD,4.1
ORD1845,2025-07-24,Phone Case,Accessories,EAST,9.07,2.0,29.0,credit card,5.0
ORD1501,2025-06-11,Noise Cancelling Headphones,Audio, North,86.05,5.0,36.0,Cash,4.7
ORD1538,09/07/2025,Bluetooth Speaker,Audio,East,45.54,2.0,39.0,UPI,2.2
ORD1712,2025-07-24,Laptop Stand,Office,EAST,24.25,6.0,16.0,Debit Card,2.3
ORD1581,2025-08-12,Phone Case,Accessories,West,12.2,3.0,52.0,UPI,2.8
ORD1343,2025-02-21,USB-C Hub,Accessories,East,15.75,2.0,46.0,Credit Card,3.8
ORD1751,2025-08-14,Power Bank,Electronics,South,28.65,4.0,22.0,Debit Card,5.0
ORD1662,2025-03-09,Mechanical Keyboard,Accessories,East,43.33,2.0,41.0,UPI,3.4
ORD1293,05/08/2025,Desk Lamp,Office,south,18.02,1.0,30.0,,3.4
ORD1364,2025-06-20,WEBCAM HD,Electronics, North,39.63,3.0,29.0,,4.1
ORD1668,2025-06-17,Mechanical Keyboard,Accessories,East,50.82,500.0,36.0,Debit Card,3.2
ORD1014,12/02/2025,Laptop Stand,Office,EAST,24.2,7.0,29.0,Debit Card,4.2
ORD1086,2025-06-25,Wireless Mouse,Accessories,South,9.37,3.0,40.0,Cash,3.6
ORD1370,09/02/2025,Wireless Mouse,Accessories,North,11.73,3.0,33.0,,3.8
ORD1165,2025-02-06,Phone Case,Accessories,south,8.9,4.0,29.0,Cash,3.7
ORD1934,2025-03-04,USB-C Hub,Accessories,EAST,20.17,3.0,22.0,,3.6
ORD1335,2025-07-21,Laptop Stand,Office,EAST,28.34,3.0,28.0,COD,4.2
ORD1059,2025-06-06,Phone Case,Accessories,West ,9.76,3.0,27.0,,4.1
ORD1354,2025-01-23,PHONE CASE,Accessories,South,9.69,2.0,27.0,Cash,4.4
ORD1424,26/04/2025,Webcam HD,Electronics,West,41.3,5.0,29.0,,3.0
ORD1292,26/01/2025,Noise Cancelling Headphones,Audio,North,71.01,3.0,33.0,,3.9
ORD1041,2025-06-19,Laptop Stand,Office,West,24.57,1.0,26.0,COD,5.0
ORD1329,2025-04-18,Phone Case,Accessories,West,10.32,2.0,40.0,UPI,4.9
ORD1614,2025-04-23,Phone Case,Accessories,south,12.18,2.0,42.0,Cash,4.0
ORD1429,2025-03-15,Phone Case,Accessories,East,12.29,3.0,36.0,COD,4.5
ORD1079,2025-08-02,Mechanical Keyboard,Accessories,West ,72.3,3.0,42.0,credit card,3.2
ORD1028,2025-03-14,Bluetooth Speaker,Audio,West,52.08,3.0,47.0,COD,5.0
ORD1254,29/05/2025,Webcam HD,Electronics,South,36.86,4.0,31.0,COD,3.6
ORD1796,2025-04-14,Power Bank,Electronics,south,30.21,6.0,21.0,Cash,3.5
ORD1458,2025-02-15,Power Bank,Electronics,South,36.08,3.0,36.0,,4.4
ORD1383,06/03/2025,Laptop Stand,Office,North,25.15,5.0,29.0,,3.3
ORD1313,26/07/2025,Mechanical Keyboard,Accessories,EAST,68.14,6.0,39.0,credit card,2.3
ORD1084,2025-01-04,Phone Case,Accessories,East,11.39,5.0,53.0,Credit Card,3.7
ORD1574,18/08/2025,Noise Cancelling Headphones,Audio,North,85.59,5.0,31.0,Cash,3.3
ORD1136,2025-07-27,USB-C Hub,Accessories,West,14.2,5.0,21.0,UPI,5.0
ORD1111,2025-07-09,Bluetooth Speaker,Audio,North,46.37,5.0,22.0,credit card,5.0
ORD1194,2025-04-25,Noise Cancelling Headphones,Audio,EAST,78.25,4.0,24.0,Cash,5.0
ORD1178,2025-07-04,Power Bank,Electronics, North,34.48,4.0,29.0,credit card,3.8
ORD1938,2025-03-30,Wireless Mouse,Accessories,North,15.13,6.0,27.0,Debit Card,4.2
ORD1496,2025-02-25,Wireless Mouse,Accessories,EAST,12.42,5.0,30.0,Cash,
ORD1129,06/06/2025,Phone Case,Accessories, North,10.31,4.0,23.0,Cash,5.0
ORD1337,2025-05-09,Webcam HD,Electronics,North,35.08,3.0,42.0,UPI,3.3
ORD1608,2025-07-29,WEBCAM HD,Electronics,south,35.08,4.0,44.0,Debit Card,4.3
ORD1124,2025-02-15,Laptop Stand,Office,West ,24.98,4.0,27.0,,4.3
ORD1104,2025-03-12,Laptop Stand,Office,East,18.65,2.0,49.0,credit card,3.2
ORD1226,04/01/2025,Noise Cancelling Headphones,Audio,South,105.77,4.0,25.0,COD,4.4
ORD1268,2025-01-21,Noise Cancelling Headphones,Audio,East,106.04,4.0,39.0,credit card,5.0
ORD1152,2025-06-05,Laptop Stand,Office,East,22.92,5.0,52.0,Credit Card,4.7
ORD1584,28/01/2025,Laptop Stand,Office,East,24.58,3.0,21.0,Cash,4.6
ORD1103,25/05/2025,Webcam HD,Electronics,West,44.91,5.0,34.0,credit card,5.0
ORD1593,04/08/2025,Bluetooth Speaker,Audio,south,45.75,7.0,37.0,Credit Card,3.4
ORD1404,15/04/2025,Bluetooth Speaker,Audio,North,43.44,4.0,,credit card,5.0
ORD1976,2025-02-06,Laptop Stand,Office,South,25.0,6.0,18.0,UPI,4.2
ORD1227,13/02/2025,Noise Cancelling Headphones,Audio,West ,92.8,6.0,33.0,Debit Card,
ORD1936,03/08/2025,Bluetooth Speaker,Audio,North,47.24,7.0,23.0,Cash,
ORD1301,01/01/2025,Webcam HD,Electronics,EAST,36.22,4.0,22.0,Debit Card,4.2
ORD1275,19/08/2025,Noise Cancelling Headphones,Audio,North,97.38,2.0,30.0,Cash,
ORD1126,2025-01-19,Mechanical Keyboard,Accessories,North,50.21,3.0,43.0,UPI,4.0
ORD1405,03/04/2025,USB-C Hub,Accessories, North,17.7,3.0,29.0,UPI,2.5
ORD1683,2025-07-08,Desk Lamp,Office, North,21.41,3.0,31.0,Credit Card,2.4
ORD1942,2025-05-05,Laptop Stand,Office, North,16.72,4.0,31.0,,5.0
ORD1036,2025-03-30,Mechanical Keyboard,Accessories,South,64.64,7.0,72.0,Cash,4.2
ORD1139,2025-04-26,Bluetooth Speaker,Audio,EAST,41.25,3.0,30.0,Credit Card,3.0
ORD1303,2025-01-19,Wireless Mouse,Accessories,East,12.69,6.0,22.0,COD,
ORD1267,2025-03-15,Wireless Mouse,Accessories,EAST,17.58,5.0,37.0,Cash,5.0
ORD1533,21/01/2025,Bluetooth Speaker,Audio, North,32.46,8.0,25.0,Cash,3.5
ORD1545,2025-06-25,WIRELESS MOUSE,Accessories, North,20.13,4.0,53.0,UPI,4.1
ORD1212,06/05/2025,Webcam HD,Electronics,North,31.3,5.0,31.0,credit card,
ORD1468,2025-05-28,Desk Lamp,Office, North,15.74,1.0,25.0,,4.4
ORD1198,2025-04-11,WEBCAM HD,Electronics,West,41.33,3.0,37.0,,
ORD1672,2025-07-27,Noise Cancelling Headphones,Audio,EAST,84.5,2.0,48.0,Credit Card,
ORD1527,2025-02-02,Noise Cancelling Headphones,Audio,North,0.0,1.0,25.0,Credit Card,5.0
ORD1675,2025-01-25,Power Bank,Electronics, North,25.36,6.0,18.0,UPI,3.4
ORD1974,17/03/2025,Mechanical Keyboard,Accessories, North,54.9,3.0,,,4.2
ORD1241,18/05/2025,Bluetooth Speaker,Audio,West ,40.88,2.0,26.0,Credit Card,4.7
ORD1342,19/08/2025,Noise Cancelling Headphones,Audio,South,88.12,5.0,29.0,UPI,2.8
ORD1549,28/07/2025,Webcam HD,Electronics,West ,34.28,2.0,38.0,Debit Card,4.2
ORD1386,22/03/2025,Webcam HD,Electronics,EAST,31.7,3.0,49.0,UPI,5.0
ORD1910,2025-06-09,Laptop Stand,Office,EAST,26.73,2.0,47.0,credit card,4.1
ORD1206,18/02/2025,Webcam HD,Electronics,North,31.74,6.0,41.0,,
ORD1295,03/05/2025,USB-C Hub,Accessories,West,20.81,7.0,26.0,,2.7
ORD1695,2025-04-18,USB-C Hub,Accessories,EAST,23.54,5.0,46.0,Cash,3.6
ORD1817,28/08/2025,Bluetooth Speaker,Audio,south,52.55,6.0,19.0,Debit Card,2.9
ORD1073,2025-07-15,Noise Cancelling Headphones,Audio,North,89.56,4.0,37.0,,3.3
ORD1792,19/03/2025,USB-C Hub,Accessories,West,14.88,6.0,37.0,UPI,4.1
ORD1104,2025-03-12,Laptop Stand,Office,East,18.65,2.0,49.0,credit card,3.2
ORD1733,16/06/2025,Phone Case,Accessories,EAST,-11.93,5.0,40.0,,4.5
ORD1755,2025-05-07,Power Bank,Electronics,North,34.22,4.0,30.0,Debit Card,4.5
ORD1702,06/04/2025,Power Bank,Electronics,South,23.89,3.0,23.0,Credit Card,2.9
ORD1016,11/06/2025,USB-C Hub,Accessories,North,20.89,0.0,36.0,,1.7
ORD1439,10/06/2025,Desk Lamp,Office, North,15.81,5.0,23.0,UPI,3.9
ORD1091,29/06/2025,Desk Lamp,Office,EAST,20.05,6.0,35.0,UPI,
ORD1088,13/02/2025,Desk Lamp,Office,EAST,16.48,4.0,23.0,credit card,2.7
ORD1450,2025-06-30,Laptop Stand,Office,West ,25.73,7.0,26.0,Debit Card,3.3
ORD1717,16/07/2025,Laptop Stand,Office,EAST,32.66,5.0,29.0,COD,3.5
ORD1102,2025-08-06,Mechanical Keyboard,Accessories,West,60.98,5.0,41.0,COD,2.9
ORD1238,2025-07-27,Phone Case,Accessories,south,9.21,7.0,,COD,5.0
ORD1768,2025-08-09,Webcam HD,Electronics,South,27.42,1.0,29.0,Debit Card,3.0
ORD1246,12/02/2025,Desk Lamp,Office,West,21.01,5.0,,UPI,
ORD1820,14/03/2025,Phone Case,Accessories,North,6.85,2.0,40.0,credit card,4.0
ORD1157,2025-02-21,Webcam HD,Electronics,West ,38.19,3.0,35.0,Credit Card,4.7
ORD1479,2025-03-12,USB-C Hub,Accessories,EAST,20.76,5.0,37.0,,4.6
ORD1645,03/03/2025,Wireless Mouse,Accessories,south,14.67,2.0,41.0,,3.0
ORD1973,2025-05-08,Webcam HD,Electronics,East,35.43,7.0,36.0,credit card,3.3
ORD1871,20/01/2025,Phone Case,Accessories,EAST,10.83,3.0,18.0,credit card,3.8
ORD1018,2025-08-10,Desk Lamp,Office,South,18.58,6.0,16.0,Credit Card,3.1
ORD1750,2025-01-29,Laptop Stand,Office,West ,25.02,5.0,42.0,Debit Card,3.6
ORD1121,25/03/2025,Desk Lamp,Office,West ,20.65,5.0,37.0,,2.0
ORD1885,27/02/2025,Bluetooth Speaker,Audio,south,57.51,6.0,40.0,Credit Card,3.1
ORD1749,2025-03-28,USB-C Hub,Accessories,West,21.3,4.0,36.0,Credit Card,4.2
ORD1274,2025-07-09,Wireless Mouse,Accessories,West,14.79,3.0,16.0,Cash,4.9
ORD1433,2025-07-15,Wireless Mouse,Accessories,East,18.42,6.0,35.0,Credit Card,4.6
ORD1950,06/06/2025,Bluetooth Speaker,Audio,West ,47.08,5.0,20.0,Cash,4.9
ORD1311,2025-07-24,Wireless Mouse,Accessories,East,14.19,1.0,31.0,Credit Card,5.0
ORD1805,2025-01-28,Desk Lamp,Office, North,17.97,5.0,20.0,Credit Card,2.8
ORD1901,21/03/2025,USB-C Hub,Accessories,North,24.91,2.0,29.0,Debit Card,5.0
ORD1546,2025-06-03,Noise Cancelling Headphones,Audio,South,78.69,7.0,23.0,Credit Card,2.9
ORD1181,2025-03-07,Bluetooth Speaker,Audio, North,44.75,3.0,32.0,credit card,3.2
ORD1184,2025-01-23,Mechanical Keyboard,Accessories,North,62.49,4.0,27.0,Debit Card,4.1
ORD1406,2025-02-22,Mechanical Keyboard,Accessories,West ,53.79,3.0,34.0,Debit Card,3.7
ORD1719,2025-03-02,USB-C Hub,Accessories,EAST,22.84,5.0,44.0,Credit Card,4.9
ORD1606,27/01/2025,Desk Lamp,Office,West,16.58,2.0,47.0,,4.5
ORD1692,27/01/2025,Bluetooth Speaker,Audio,West,43.61,3.0,22.0,UPI,3.9
ORD1520,02/05/2025,Webcam HD,Electronics,East,27.3,6.0,28.0,UPI,3.4
ORD1380,2025-08-26,Mechanical Keyboard,Accessories,North,48.31,8.0,21.0,Cash,4.5
ORD1410,02/06/2025,NOISE CANCELLING HEADPHONES,Audio,East,97.41,6.0,31.0,COD,3.9
ORD1634,2025-07-15,Mechanical Keyboard,Accessories,East,50.01,2.0,45.0,credit card,3.6
ORD1369,12/05/2025,Bluetooth Speaker,Audio, North,45.7,6.0,,credit card,5.0
ORD1858,22/07/2025,Desk Lamp,Office,North,16.9,5.0,16.0,,5.0
ORD1882,2025-02-05,Webcam HD,Electronics,West ,35.32,2.0,24.0,,3.9
ORD1800,2025-08-23,Laptop Stand,Office,South,299.54999999999995,3.0,38.0,credit card,4.6
ORD1078,24/01/2025,Laptop Stand,Office,South,22.24,-5.0,39.0,Cash,2.7
ORD1573,13/03/2025,USB-C Hub,Accessories,West,18.45,4.0,24.0,Debit Card,2.7
ORD1647,2025-08-14,Laptop Stand,Office,North,28.24,2.0,44.0,UPI,3.6
ORD1637,11/02/2025,Desk Lamp,Office,EAST,22.46,5.0,31.0,Debit Card,4.6
ORD1607,2025-06-29,Power Bank,Electronics,West ,,3.0,16.0,Credit Card,4.9
ORD1842,2025-07-30,Power Bank,Electronics,south,28.77,4.0,33.0,COD,4.5
ORD1068,08/06/2025,Noise Cancelling Headphones,Audio,South,99.61,3.0,22.0,,4.3
ORD1880,2025-07-06,Desk Lamp,Office,South,,8.0,,Cash,3.6
ORD1979,2025-08-02,Power Bank,Electronics,West ,23.81,5.0,34.0,COD,5.0
ORD1416,2025-04-08,Wireless Mouse,Accessories,West,11.9,5.0,28.0,,5.0
ORD1789,29/03/2025,Wireless Mouse,Accessories,West,14.06,3.0,30.0,,4.5
ORD1561,12/03/2025,Noise Cancelling Headphones,Audio,south,101.4,3.0,28.0,credit card,4.0
ORD1067,05/03/2025,Noise Cancelling Headphones,Audio,West,90.63,6.0,35.0,,4.6
ORD1536,2025-01-16,Mechanical Keyboard,Accessories,North,58.06,4.0,25.0,COD,3.3
ORD1077,21/05/2025,Phone Case,Accessories,West ,11.81,4.0,42.0,Credit Card,
ORD1105,21/07/2025,Wireless Mouse,Accessories,East,11.28,5.0,18.0,UPI,
,,,,,,,,,
ORD1828,2025-05-06,USB-C Hub,Accessories,East,18.59,4.0,34.0,COD,3.3
ORD1638,2025-04-22,MECHANICAL KEYBOARD,Accessories,West,71.93,6.0,27.0,Debit Card,3.9
ORD1559,01/06/2025,Bluetooth Speaker,Audio,South,39.51,1.0,38.0,Cash,1.8
ORD1807,2025-05-14,Power Bank,Electronics,West ,26.29,4.0,42.0,Cash,4.2
ORD1690,2025-03-29,Bluetooth Speaker,Audio, North,24.7,3.0,39.0,Debit Card,2.6
,,,,,,,,,
ORD1994,2025-05-08,Laptop Stand,Office,West,21.6,5.0,33.0,,4.6
ORD1921,2025-02-18,Noise Cancelling Headphones,Audio,East,86.26,1.0,19.0,credit card,4.7
ORD1735,2025-01-07,Webcam HD,Electronics,EAST,36.5,3.0,42.0,Credit Card,4.1
ORD1825,2025-04-28,Wireless Mouse,Accessories,West ,15.05,8.0,18.0,COD,3.9
ORD1490,2025-06-06,Mechanical Keyboard,Accessories,East,60.65,3.0,31.0,Cash,2.5
ORD1721,2025-06-12,Noise Cancelling Headphones,Audio,East,89.03,5.0,23.0,UPI,1.9
ORD1893,2025-05-22,Mechanical Keyboard,Accessories,West,56.43,6.0,19.0,Debit Card,3.7
ORD1605,2025-01-25,Mechanical Keyboard,Accessories,East,61.69,3.0,32.0,Credit Card,4.4
ORD1363,2025-03-30,USB-C Hub,Accessories,East,24.69,1.0,21.0,credit card,4.6
ORD1069,10/02/2025,Laptop Stand,Office,West ,32.68,7.0,40.0,UPI,
ORD1548,2025-06-20,Mechanical Keyboard,Accessories,East,66.9,5.0,44.0,,
ORD1160,2025-01-15,Laptop Stand,Office, North,22.62,2.0,43.0,Debit Card,3.9
ORD1011,2025-03-09,Phone Case,Accessories,South,0.0,5.0,43.0,,4.8
ORD1144,03/04/2025,Laptop Stand,Office,North,11.95,6.0,25.0,Cash,4.3
ORD1517,2025-06-26,Noise Cancelling Headphones,Audio, North,73.99,4.0,25.0,UPI,2.9
ORD1427,2025-04-26,Mechanical Keyboard,Accessories,south,49.76,2.0,39.0,credit card,4.7
ORD1639,07/08/2025,Mechanical Keyboard,Accessories,North,44.97,5.0,33.0,Credit Card,4.6
ORD1176,18/04/2025,Bluetooth Speaker,Audio,EAST,50.45,3.0,21.0,credit card,4.1
ORD1440,16/03/2025,USB-C Hub,Accessories,West ,19.88,5.0,32.0,UPI,5.0
ORD1521,2025-01-28,Bluetooth Speaker,Audio, North,53.98,3.0,40.0,credit card,5.0
ORD1922,04/04/2025,Noise Cancelling Headphones,Audio,South,96.56,5.0,30.0,COD,4.9
ORD1998,22/02/2025,Wireless Mouse,Accessories,North,15.08,2.0,37.0,UPI,4.5
ORD1688,2025-06-05,Phone Case,Accessories,West ,8.04,1.0,53.0,UPI,4.5
ORD1231,2025-02-21,Desk Lamp,Office,North,19.94,2.0,43.0,COD,3.4
ORD1210,09/07/2025,Desk Lamp,Office,EAST,21.28,3.0,35.0,UPI,3.6
ORD1640,2025-04-04,Bluetooth Speaker,Audio,EAST,30.18,6.0,32.0,,3.7
ORD1143,2025-05-12,Phone Case,Accessories, North,8.11,4.0,40.0,Cash,
ORD1753,23/07/2025,Laptop Stand,Office,West ,21.31,7.0,47.0,Debit Card,2.9
ORD1519,2025-02-06,Phone Case,Accessories,south,8.71,3.0,23.0,Cash,3.4
ORD1348,2025-04-18,Desk Lamp,Office,South,17.41,4.0,16.0,Debit Card,4.6
ORD1298,2025-05-31,NOISE CANCELLING HEADPHONES,Audio, North,86.37,3.0,25.0,Debit Card,5.0
ORD1766,2025-04-26,USB-C Hub,Accessories,East,21.44,7.0,23.0,Credit Card,3.0
ORD1428,05/06/2025,Desk Lamp,Office,East,16.02,7.0,34.0,,5.0
ORD1612,2025-02-11,Mechanical Keyboard,Accessories,West,53.57,2.0,39.0,credit card,4.4
ORD1984,2025-06-13,PHONE CASE,Accessories, North,10.46,4.0,21.0,COD,2.8
ORD1993,2025-02-03,Power Bank,Electronics,south,36.75,7.0,57.0,credit card,4.6
ORD1008,2025-07-10,Phone Case,Accessories,EAST,7.78,4.0,26.0,credit card,4.4
ORD1156,2025-05-21,Webcam HD,Electronics,East,39.99,6.0,30.0,COD,4.5
ORD1539,2025-01-22,Power Bank,Electronics,East,33.94,4.0,27.0,,3.8
ORD1506,15/06/2025,Phone Case,Accessories,West ,8.91,4.0,37.0,,4.5
ORD1436,2025-05-17,Noise Cancelling Headphones,Audio,West,83.79,2.0,33.0,,3.8
ORD1266,2025-05-01,Webcam HD,Electronics,North,,3.0,42.0,credit card,
ORD1826,2025-08-08,USB-C Hub,Accessories,East,12.59,0.0,17.0,Cash,5.0
ORD1461,10/07/2025,USB-C Hub,Accessories,West ,22.54,4.0,46.0,Cash,
ORD1576,2025-06-15,USB-C Hub,Accessories, North,18.21,7.0,,Debit Card,3.4
ORD1338,2025-02-04,Power Bank,Electronics,south,27.04,4.0,30.0,,4.3
ORD1255,2025-04-20,Bluetooth Speaker,Audio,south,44.91,3.0,16.0,,4.9
ORD1852,2025-08-26,Noise Cancelling Headphones,Audio,North,92.95,5.0,29.0,Cash,4.3
ORD1900,2025-01-20,Desk Lamp,Office,south,17.12,4.0,35.0,Credit Card,3.9
ORD1665,14/03/2025,Bluetooth Speaker,Audio, North,44.79,4.0,35.0,credit card,5.0
ORD1560,2025-07-08,USB-C Hub,Accessories,East,22.05,5.0,35.0,UPI,3.6
ORD1208,30/06/2025,Phone Case,Accessories,south,10.81,3.0,24.0,,5.0
ORD1287,2025-07-27,Laptop Stand,Office,West ,29.36,2.0,,Credit Card,4.7
ORD1001,2025-07-03,Power Bank,Electronics,West,,1.0,28.0,Cash,3.6
ORD1341,2025-02-22,Power Bank,Electronics, North,26.33,7.0,40.0,Cash,5.0
ORD1269,05/08/2025,Bluetooth Speaker,Audio,EAST,49.43,6.0,28.0,Credit Card,3.6
ORD1265,2025-01-19,Bluetooth Speaker,Audio,south,48.45,4.0,33.0,UPI,3.4
ORD1863,2025-01-14,Phone Case,Accessories, North,9.4,4.0,38.0,UPI,4.4
ORD1870,03/02/2025,Wireless Mouse,Accessories,North,16.57,2.0,36.0,,4.9
ORD1095,12/02/2025,Power Bank,Electronics,West ,33.7,4.0,35.0,,4.6
ORD1108,07/02/2025,Bluetooth Speaker,Audio,south,39.61,4.0,32.0,Cash,3.4
ORD1042,2025-08-06,Wireless Mouse,Accessories,West,14.25,5.0,30.0,COD,5.0
ORD1971,2025-04-07,USB-C Hub,Accessories,West ,21.41,3.0,41.0,credit card,2.4
ORD1398,2025-05-25,Power Bank,Electronics, North,37.87,4.0,47.0,Credit Card,4.4
ORD1883,20/05/2025,Wireless Mouse,Accessories,South,11.63,5.0,44.0,credit card,3.5
ORD1628,01/06/2025,USB-C HUB,Accessories, North,21.67,3.0,32.0,Credit Card,4.1
ORD1045,2025-04-25,Power Bank,Electronics,West ,23.56,2.0,48.0,Cash,2.8
ORD1161,06/03/2025,Power Bank,Electronics, North,26.9,6.0,33.0,Debit Card,3.6
ORD1727,16/06/2025,Power Bank,Electronics,West ,35.31,3.0,,COD,5.0
ORD1629,2025-05-12,Phone Case,Accessories,West ,10.27,4.0,45.0,credit card,
ORD1288,20/04/2025,Desk Lamp,Office,East,,4.0,60.0,UPI,4.9
ORD1589,2025-03-23,Laptop Stand,Office,south,25.35,4.0,47.0,Debit Card,5.0
ORD1969,2025-07-31,Phone Case,Accessories,West ,11.64,4.0,32.0,Credit Card,5.0
ORD1446,2025-08-10,MECHANICAL KEYBOARD,Accessories,West,48.19,4.0,42.0,COD,3.7
ORD1575,30/07/2025,Desk Lamp,Office,South,14.46,6.0,18.0,credit card,2.6
ORD1850,2025-04-04,Power Bank,Electronics,North,27.73,5.0,32.0,Cash,3.1
ORD1315,2025-01-26,Bluetooth Speaker,Audio,south,40.81,2.0,16.0,Cash,4.8
ORD1943,2025-06-11,USB-C Hub,Accessories,North,19.43,2.0,39.0,credit card,5.0
ORD1230,23/03/2025,Webcam HD,Electronics,West ,30.79,5.0,46.0,credit card,5.0
ORD1809,05/02/2025,Desk Lamp,Office, North,18.82,5.0,33.0,COD,3.3
ORD1698,2025-06-29,Mechanical Keyboard,Accessories,south,33.86,5.0,39.0,UPI,
ORD1876,13/03/2025,Wireless Mouse,Accessories,South,13.79,1.0,31.0,COD,5.0
ORD1711,2025-07-04,Webcam HD,Electronics,East,40.76,6.0,38.0,credit card,5.0
ORD1076,2025-01-01,Desk Lamp,Office,EAST,16.51,3.0,22.0,Credit Card,4.6
ORD1633,2025-01-20,Phone Case,Accessories, North,9.78,2.0,30.0,Cash,4.8
ORD1374,2025-08-23,WIRELESS MOUSE,Accessories, North,13.48,4.0,34.0,credit card,4.7
ORD1247,2025-05-07,Phone Case,Accessories,South,7.2,2.0,49.0,UPI,4.7
ORD1819,2025-01-28,Power Bank,Electronics,West ,29.34,4.0,35.0,UPI,5.0
ORD1824,14/03/2025,Desk Lamp,Office,EAST,18.15,2.0,36.0,Credit Card,3.6
ORD1476,2025-06-19,Wireless Mouse,Accessories,South,11.59,4.0,41.0,Credit Card,3.6
ORD1670,2025-03-14,USB-C Hub,Accessories,East,21.69,1.0,20.0,Credit Card,3.8
ORD1085,2025-08-07,Desk Lamp,Office,south,16.31,2.0,25.0,COD,3.6
ORD1469,09/03/2025,Noise Cancelling Headphones,Audio,East,95.07,4.0,26.0,,3.9
ORD1225,03/02/2025,Phone Case,Accessories,EAST,9.95,4.0,22.0,Credit Card,
ORD1774,05/04/2025,Desk Lamp,Office,south,20.72,1.0,39.0,Cash,2.3
ORD1331,2025-06-24,Power Bank,Electronics,West,29.13,3.0,34.0,UPI,4.1
ORD1233,2025-06-03,Desk Lamp,Office,EAST,19.5,3.0,48.0,credit card,
ORD1588,01/04/2025,Mechanical Keyboard,Accessories,East,53.47,2.0,36.0,COD,2.8
ORD1475,15/05/2025,Wireless Mouse,Accessories, North,14.32,1.0,28.0,Debit Card,4.4
ORD1345,2025-04-27,Bluetooth Speaker,Audio,West ,,4.0,22.0,Credit Card,5.0
ORD1982,2025-05-13,Wireless Mouse,Accessories,North,13.13,3.0,51.0,UPI,4.5
ORD1599,2025-03-16,Laptop Stand,Office, North,17.18,3.0,,,3.5
ORD1421,28/05/2025,Power Bank,Electronics,EAST,37.91,7.0,37.0,Cash,3.8
ORD1687,2025-07-08,Desk Lamp,Office,East,16.63,3.0,33.0,credit card,3.1
ORD1182,2025-08-20,Noise Cancelling Headphones,Audio,North,87.44,2.0,38.0,Credit Card,4.2
ORD1617,2025-08-29,Bluetooth Speaker,Audio,West ,53.8,1.0,19.0,COD,3.6
ORD1332,2025-04-29,Webcam HD,Electronics,South,26.32,4.0,46.0,Cash,5.0
ORD1438,2025-05-21,Mechanical Keyboard,Accessories,EAST,66.04,6.0,31.0,Cash,5.0
ORD1049,2025-07-24,DESK LAMP,Office,West,16.32,2.0,28.0,UPI,4.9
ORD1930,01/08/2025,Desk Lamp,Office,EAST,15.64,5.0,25.0,Debit Card,4.3
ORD1005,21/06/2025,Webcam HD,Electronics,South,39.97,3.0,33.0,credit card,3.1
ORD1529,2025-08-04,Phone Case,Accessories,East,9.52,1.0,23.0,UPI,5.0
ORD1234,2025-01-28,Power Bank,Electronics,south,33.36,3.0,39.0,Debit Card,3.2
ORD1486,2025-01-09,Phone Case,Accessories, North,8.75,4.0,16.0,Cash,4.0
ORD1959,27/01/2025,Mechanical Keyboard,Accessories,South,65.99,2.0,40.0,Debit Card,
ORD1497,2025-07-29,Power Bank,Electronics,East,29.07,4.0,,Credit Card,2.3
ORD1884,2025-04-20,Laptop Stand,Office, North,368.7,2.0,48.0,Debit Card,4.0
ORD1953,2025-03-09,Bluetooth Speaker,Audio,EAST,43.26,5.0,37.0,UPI,4.7
ORD1106,2025-05-12,Bluetooth Speaker,Audio,West,37.4,3.0,32.0,credit card,
ORD1443,2025-01-19,LAPTOP STAND,Office, North,19.75,5.0,45.0,,4.6
ORD1488,2025-07-04,Wireless Mouse,Accessories,North,14.38,8.0,41.0,credit card,4.5
ORD1646,2025-04-11,Phone Case,Accessories, North,10.27,4.0,46.0,Credit Card,2.4
ORD1012,2025-05-19,USB-C HUB,Accessories,North,24.49,4.0,37.0,credit card,2.8
ORD1738,2025-08-16,Wireless Mouse,Accessories,East,12.68,4.0,23.0,Credit Card,4.5
ORD1726,2025-01-02,Laptop Stand,Office,EAST,27.07,-5.0,40.0,credit card,3.9
ORD1190,2025-06-25,Bluetooth Speaker,Audio, North,34.52,3.0,30.0,COD,5.0
ORD1242,31/05/2025,Webcam HD,Electronics,West ,34.37,2.0,38.0,credit card,4.8
ORD1832,2025-01-17,Power Bank,Electronics,South,24.28,7.0,29.0,,3.0
ORD1282,2025-04-26,Noise Cancelling Headphones,Audio,south,102.0,3.0,28.0,,4.4
ORD1029,12/03/2025,Wireless Mouse,Accessories,East,13.15,5.0,20.0,COD,3.4
ORD1169,21/04/2025,Phone Case,Accessories,south,9.21,500.0,22.0,,4.6
ORD1180,2025-05-20,Mechanical Keyboard,Accessories,south,70.93,5.0,33.0,,4.0
ORD1100,2025-02-09,Power Bank,Electronics,West ,,3.0,44.0,credit card,2.5
ORD1197,2025-04-25,Desk Lamp,Office,EAST,17.8,2.0,38.0,Credit Card,4.2
ORD1495,2025-02-03,Mechanical Keyboard,Accessories, North,58.32,4.0,,Credit Card,3.6
ORD1721,2025-06-12,Noise Cancelling Headphones,Audio,East,89.03,5.0,23.0,UPI,1.9
ORD1647,2025-08-14,Laptop Stand,Office,North,28.24,2.0,44.0,UPI,3.6
ORD1044,2025-02-04,USB-C Hub,Accessories,south,19.94,3.0,24.0,,5.0
ORD1991,2025-05-15,Power Bank,Electronics,East,33.28,6.0,46.0,UPI,4.6
ORD1710,2025-02-01,Laptop Stand,Office,North,28.93,4.0,41.0,Cash,4.9
ORD1373,16/06/2025,Phone Case,Accessories,West ,11.58,3.0,37.0,Debit Card,3.7
ORD1678,12/04/2025,Bluetooth Speaker,Audio,West ,36.42,3.0,33.0,Cash,5.0
ORD1939,2025-05-12,NOISE CANCELLING HEADPHONES,Audio,south,76.01,2.0,42.0,Credit Card,4.5
ORD1648,2025-03-27,Phone Case,Accessories,South,7.53,5.0,49.0,,4.6
ORD1797,2025-02-01,Desk Lamp,Office,West,19.12,3.0,27.0,,2.9
ORD1847,2025-03-15,Laptop Stand,Office,North,24.21,5.0,33.0,Cash,2.5
ORD1460,2025-08-05,Webcam HD,Electronics,EAST,28.77,7.0,16.0,,3.8
ORD1908,01/04/2025,Laptop Stand,Office,West ,27.83,3.0,27.0,UPI,3.8
ORD1413,2025-08-23,Power Bank,Electronics, North,32.41,3.0,43.0,Debit Card,4.9
ORD1131,11/04/2025,Mechanical Keyboard,Accessories,South,64.51,2.0,23.0,UPI,5.0
ORD1039,2025-07-11,DESK LAMP,Office, North,17.1,5.0,34.0,Cash,3.5
ORD1434,02/02/2025,USB-C Hub,Accessories,North,16.47,3.0,25.0,Credit Card,2.7
ORD1215,2025-04-21,Wireless Mouse,Accessories,South,14.21,6.0,58.0,Credit Card,3.8
ORD1555,2025-01-22,BLUETOOTH SPEAKER,Audio,West,53.04,6.0,42.0,Debit Card,
ORD1566,2025-08-05,USB-C Hub,Accessories,East,18.45,2.0,28.0,Debit Card,4.4
ORD1762,2025-05-22,Phone Case,Accessories,West ,9.65,3.0,60.0,UPI,3.9
ORD1474,24/02/2025,Wireless Mouse,Accessories, North,17.7,2.0,31.0,credit card,2.7
ORD1456,2025-04-03,Bluetooth Speaker,Audio,EAST,39.8,2.0,21.0,,4.6
ORD1811,2025-05-05,Webcam HD,Electronics,South,23.5,5.0,32.0,UPI,4.3
ORD1260,2025-02-28,Desk Lamp,Office,South,20.75,4.0,60.0,Credit Card,4.4
ORD1816,2025-07-03,Bluetooth Speaker,Audio,EAST,50.41,3.0,30.0,,3.3
ORD1035,2025-06-14,Bluetooth Speaker,Audio,south,45.35,5.0,39.0,Credit Card,4.6
ORD1827,2025-02-15,Wireless Mouse,Accessories,south,15.03,5.0,36.0,credit card,4.9
ORD1911,2025-07-09,Wireless Mouse,Accessories,North,15.27,3.0,50.0,Debit Card,5.0
ORD1309,25/01/2025,Wireless Mouse,Accessories,EAST,15.95,2.0,39.0,,4.1
ORD1276,2025-01-03,Mechanical Keyboard,Accessories, North,74.54,7.0,30.0,COD,4.4
ORD1636,2025-06-25,Phone Case,Accessories,EAST,8.41,3.0,33.0,UPI,4.4
ORD1654,2025-01-04,Webcam HD,Electronics,West ,51.55,3.0,22.0,,3.6
ORD1622,2025-07-12,Noise Cancelling Headphones,Audio,West ,77.97,3.0,37.0,Debit Card,4.3
ORD1835,2025-05-13,USB-C Hub,Accessories,West ,18.73,4.0,46.0,Debit Card,4.3
ORD1844,2025-05-26,Laptop Stand,Office,south,19.07,5.0,34.0,COD,4.7
ORD1393,2025-06-12,Webcam HD,Electronics, North,30.73,4.0,45.0,credit card,5.0
ORD1507,14/05/2025,Desk Lamp,Office,south,12.95,3.0,48.0,credit card,3.7
ORD1107,08/01/2025,Power Bank,Electronics,EAST,33.13,3.0,23.0,Cash,4.6
ORD1810,2025-01-01,Phone Case,Accessories,south,9.25,1.0,23.0,Credit Card,5.0
ORD1524,2025-01-18,Phone Case,Accessories,EAST,8.84,3.0,42.0,UPI,3.7
ORD1784,2025-06-03,Noise Cancelling Headphones,Audio,EAST,93.77,4.0,36.0,COD,4.8
ORD1047,24/02/2025,USB-C Hub,Accessories,West ,20.18,6.0,40.0,Cash,
ORD1954,2025-07-12,Bluetooth Speaker,Audio,EAST,57.91,5.0,16.0,COD,5.0
ORD1203,22/08/2025,Power Bank,Electronics,West ,37.38,5.0,37.0,Credit Card,3.6
ORD1987,17/02/2025,Bluetooth Speaker,Audio,West,39.19,7.0,17.0,Debit Card,5.0
ORD1631,2025-05-08,Mechanical Keyboard,Accessories,South,63.42,3.0,26.0,,3.2
ORD1021,2025-03-09,Wireless Mouse,Accessories, North,16.69,-5.0,39.0,Cash,5.0
ORD1402,2025-01-01,Laptop Stand,Office,EAST,25.28,5.0,41.0,credit card,3.9
ORD1946,15/05/2025,Bluetooth Speaker,Audio,South,44.69,3.0,21.0,credit card,2.6
ORD1083,2025-06-16,Desk Lamp,Office,North,20.74,3.0,25.0,Debit Card,2.9
ORD1130,2025-06-23,Webcam HD,Electronics,East,34.79,5.0,40.0,UPI,2.8
ORD1415,2025-04-07,Noise Cancelling Headphones,Audio,south,73.01,2.0,58.0,,4.5
ORD1895,2025-01-04,Webcam HD,Electronics,East,36.89,4.0,27.0,,3.2
ORD1841,12/03/2025,Mechanical Keyboard,Accessories,West,51.57,1.0,40.0,Cash,3.5
ORD1741,2025-01-04,Webcam HD,Electronics,West,30.21,3.0,22.0,credit card,4.6
ORD1697,2025-06-19,Desk Lamp,Office,North,20.41,3.0,16.0,COD,4.1
ORD1286,15/06/2025,Desk Lamp,Office,South,18.22,4.0,29.0,Credit Card,4.4
ORD1123,2025-07-18,Bluetooth Speaker,Audio,East,39.03,6.0,40.0,Debit Card,2.7
ORD1033,2025-03-27,Desk Lamp,Office,West,20.0,7.0,36.0,UPI,3.0
ORD1787,16/01/2025,Desk Lamp,Office,West,12.74,5.0,25.0,Debit Card,3.4
ORD1516,24/04/2025,Mechanical Keyboard,Accessories,North,59.9,4.0,,Credit Card,4.3
ORD1923,2025-05-14,Webcam HD,Electronics,East,35.2,3.0,42.0,Cash,4.2
ORD1019,2025-02-05,USB-C Hub,Accessories,West,17.02,1.0,34.0,,5.0
ORD1988,2025-05-31,Phone Case,Accessories,EAST,9.83,2.0,31.0,Cash,4.1
ORD1219,2025-01-20,Noise Cancelling Headphones,Audio,North,98.1,4.0,31.0,Debit Card,5.0
ORD1891,2025-01-22,Power Bank,Electronics,West,35.18,4.0,26.0,COD,4.9
ORD1579,27/08/2025,Bluetooth Speaker,Audio,south,57.54,3.0,20.0,Credit Card,4.4
ORD1481,2025-02-22,Noise Cancelling Headphones,Audio,West,104.02,5.0,17.0,,3.7
ORD1931,22/04/2025,Desk Lamp,Office,East,17.97,4.0,47.0,credit card,3.7
ORD1356,2025-02-27,Webcam HD,Electronics,West ,30.74,6.0,21.0,COD,3.3
ORD1661,2025-02-02,Mechanical Keyboard,Accessories, North,58.09,3.0,55.0,COD,2.8
ORD1224,2025-07-02,Bluetooth Speaker,Audio,EAST,41.31,3.0,37.0,UPI,3.2
ORD1759,26/01/2025,Bluetooth Speaker,Audio,West,41.04,5.0,27.0,UPI,3.4
ORD1092,2025-08-02,Wireless Mouse,Accessories,West,16.1,4.0,49.0,credit card,3.8
ORD1151,2025-04-01,Phone Case,Accessories,North,9.21,1.0,49.0,Credit Card,4.0
ORD1494,08/02/2025,Webcam HD,Electronics,North,32.63,5.0,39.0,Cash,4.5
ORD1317,2025-08-18,Wireless Mouse,Accessories, North,19.41,3.0,33.0,UPI,3.6
ORD1448,2025-03-28,Laptop Stand,Office,North,28.17,6.0,38.0,Credit Card,2.6
ORD1803,2025-04-17,Phone Case,Accessories,EAST,161.25,3.0,36.0,Debit Card,4.7
ORD1745,2025-06-27,Bluetooth Speaker,Audio,south,39.78,6.0,32.0,,3.9
ORD1522,09/04/2025,USB-C Hub,Accessories,EAST,23.16,4.0,36.0,,2.4
ORD1279,2025-02-06,USB-C Hub,Accessories,West,16.05,9.0,32.0,,3.2
ORD1583,2025-06-22,Mechanical Keyboard,Accessories,South,59.71,2.0,40.0,Debit Card,4.2
ORD1764,2025-06-25,Webcam HD,Electronics, North,,3.0,55.0,UPI,4.7
ORD1604,15/07/2025,Power Bank,Electronics,south,25.6,4.0,48.0,,4.2
ORD1744,2025-08-02,Laptop Stand,Office,south,25.81,5.0,30.0,Debit Card,5.0
ORD1349,2025-05-04,Laptop Stand,Office,East,,6.0,31.0,credit card,4.3
ORD1927,2025-07-23,Phone Case,Accessories,EAST,11.3,5.0,47.0,Credit Card,4.6
ORD1374,2025-08-23,WIRELESS MOUSE,Accessories, North,13.48,4.0,34.0,credit card,4.7
ORD1400,18/01/2025,Webcam HD,Electronics,South,30.19,2.0,25.0,Credit Card,4.7
ORD1704,2025-05-14,Noise Cancelling Headphones,Audio,West,91.96,4.0,27.0,,4.0
ORD1257,2025-06-26,Wireless Mouse,Accessories, North,15.2,3.0,18.0,Debit Card,3.6
ORD1944,2025-02-16,Power Bank,Electronics,East,27.17,3.0,34.0,UPI,5.0
ORD1851,2025-05-19,Webcam HD,Electronics, North,,5.0,32.0,UPI,4.1
ORD1072,2025-01-21,Mechanical Keyboard,Accessories,south,68.83,5.0,37.0,credit card,4.4
ORD1195,29/07/2025,Mechanical Keyboard,Accessories,South,66.96,3.0,39.0,Credit Card,3.2
ORD1483,06/07/2025,Laptop Stand,Office,EAST,26.12,5.0,46.0,Cash,4.8
ORD1855,2025-05-18,Mechanical Keyboard,Accessories,West ,58.6,6.0,41.0,COD,4.2
ORD1137,2025-04-18,Mechanical Keyboard,Accessories,East,58.07,4.0,35.0,,4.5
ORD1494,08/02/2025,Webcam HD,Electronics,North,32.63,5.0,39.0,Cash,4.5
ORD1772,2025-06-08,Laptop Stand,Office,East,26.84,4.0,39.0,COD,4.2
ORD1550,2025-06-07,Laptop Stand,Office, North,22.77,3.0,32.0,Credit Card,
ORD1462,19/03/2025,Wireless Mouse,Accessories,West,17.14,4.0,30.0,,3.9
ORD1201,23/04/2025,Wireless Mouse,Accessories,North,15.7,4.0,34.0,Debit Card,4.0
ORD1312,02/02/2025,Laptop Stand,Office,EAST,27.1,3.0,31.0,Debit Card,4.3
ORD1290,2025-05-20,Power Bank,Electronics,south,28.85,7.0,16.0,Cash,3.4
ORD1763,23/05/2025,DESK LAMP,Office,East,19.69,5.0,26.0,UPI,3.9
ORD1949,15/06/2025,Power Bank,Electronics,EAST,38.88,5.0,40.0,COD,3.3
ORD1183,2025-02-10,Laptop Stand,Office,West ,0.0,6.0,24.0,Cash,4.7
ORD1250,26/07/2025,Laptop Stand,Office, North,26.21,5.0,32.0,credit card,3.9
ORD1823,06/08/2025,Mechanical Keyboard,Accessories,EAST,57.03,5.0,,UPI,3.8
ORD1940,10/03/2025,Bluetooth Speaker,Audio,South,47.66,6.0,29.0,UPI,3.7
ORD1391,2025-05-25,Power Bank,Electronics,East,27.02,3.0,36.0,COD,4.2
ORD1904,2025-05-31,Wireless Mouse,Accessories,East,18.56,3.0,,Debit Card,4.2
ORD1730,2025-06-30,Webcam HD,Electronics,West,32.17,4.0,43.0,,4.8
ORD1554,16/07/2025,Webcam HD,Electronics,North,30.62,3.0,30.0,Cash,5.0
ORD1366,2025-04-02,Mechanical Keyboard,Accessories,West,54.16,7.0,47.0,COD,4.5
ORD1345,2025-04-27,Bluetooth Speaker,Audio,West ,,4.0,22.0,Credit Card,5.0
ORD1535,2025-05-27,Phone Case,Accessories, North,11.76,4.0,36.0,UPI,4.7
ORD1919,2025-05-29,Noise Cancelling Headphones,Audio,south,110.79,2.0,26.0,Credit Card,4.4
ORD1211,2025-06-25,USB-C Hub,Accessories,West ,21.09,4.0,23.0,COD,3.3
ORD1502,2025-05-25,Noise Cancelling Headphones,Audio,West ,72.86,7.0,51.0,Cash,4.2
ORD1537,2025-01-20,Mechanical Keyboard,Accessories,East,,2.0,45.0,credit card,4.2
ORD1175,2025-05-30,Noise Cancelling Headphones,Audio,EAST,104.34,4.0,37.0,Debit Card,4.0
